BANDA,POBLACION_BANDA,PAIS_FINAL,SIM_AL_FINAL,RAZON_SOCIAL_DESTINATARIO,RAZON_SOCIAL_FINAL,VEREDICTO_MANUAL
"[0.84, 0.88)",6915,CHINA,0.8558,PRIME FLOWERS LIMITED - FUMEN (GUANGZHOU) SUPPLY CHAIN CO LT,PRIME FLOWERS LIMITED // FUMEN (SHANGHAI) SUPPLY CHAIN CO LT,
"[0.84, 0.88)",6915,ECUADOR,0.85,BERNAL CONTRERAS JAIRO/DIST.BERNAL,BERNAL CONTRERAS JAIRO ANTONIO,
"[0.84, 0.88)",6915,OMAN,0.854,HAY  AL MAARAFA AL HADEETHA TRADING,HAY AL MAARAFA ALHADEETHA TRADING,
"[0.84, 0.88)",6915,ESTADOS UNIDOS,0.8736,COMMERCIAL ZELECTA TRADING GROUP CORP -  NEW YORK GARDEN FLO,COMMERCIAL ZELECTA TRADING GROUP CORP - NEW YORK GARDEN FLOW,
"[0.84, 0.88)",6915,RUSIA,0.8727,OOO D.K.F  FLOWERS AND FLOWERS LTDA TRADING CORP / COLOUR RU,OOO D.K.F  FLOWERS AND FLOWERS LTD TRADING CORP / COLOUR RUS,
"[0.84, 0.88)",6915,CANADA,0.8644,FLORIAD CANADA,FLORIAD MONTREAL INC,
"[0.84, 0.88)",6915,REPUBLICA DOMINICANA,0.8442,ELITE EXPORT INC S.A. Y/O FLORENZZA BLOSSOMS SRL,ELITE EXPORTS INTERNATIONAL INC Y/O FLORENZZA BLOSSOMS SRL,
"[0.84, 0.88)",6915,TURQUIA,0.8562,EREGLI DEMIR VE CELIKFABRIKALARI T.A.S,EREGLI DEMIR VE CELIK FABRIKALARI T.A.S.,
"[0.84, 0.88)",6915,ALEMANIA,0.8597,MARKEN TIME CRITICAOL EXPRESS GMBH,Marken Time Critical Express GmbH,
"[0.84, 0.88)",6915,ESTADOS UNIDOS,0.8424,THE TWINS WHOLESALE FLOWERS,LOS TWINS WHOLESALE FLOWERS,
"[0.84, 0.88)",6915,ARUBA,0.8453,DIVI DUTCH VILLAGE BEACH RESORT,DIVI DUTCH VILLAGE N.V,
"[0.84, 0.88)",6915,TURQUIA,0.8616,GRAND FLOWERS GROUP LLC,GRAND FLOWERS GROUP / IFC,
"[0.84, 0.88)",6915,ESTADOS UNIDOS,0.8681,PACHA IMPORTS,Pacha Flowers Inc,
"[0.84, 0.88)",6915,GUATEMALA,0.8603,ENERGIAS SAN JOSE S.A. -GLENCORE AS AGENT-,ENERGIAS SAN JOSE S.A./GLENCORE INTERNACIONAL AG,
"[0.84, 0.88)",6915,CUBA,0.8512,AGENCIA IMPORTADORA CARIBE,AGENCIA IMPORTADORA CARIBE SURL,
"[0.84, 0.88)",6915,ESTADOS UNIDOS,0.8512,SUNFRESH FLOWER MART,SUNFRESH FLOWERS MARKET,
"[0.84, 0.88)",6915,COSTA RICA,0.8518,CALOX COMERCAL SOCIEDAD ANONIMA,CALOX COMERCIAL SOCIEDAD ANONIMA,
"[0.84, 0.88)",6915,NICARAGUA,0.8492,EDICIONES CON ESTILO SA. DE C.V / PUBLICACIONES Y MAS S.A,Publicaciones y Mas S.A. -EDICIONES CON ESTILO S.A. DE C.V,
"[0.84, 0.88)",6915,ESTADOS UNIDOS,0.8791,COLOUR REPUBLIC - LAX,COLOUR REPUBLIC LLC,
"[0.84, 0.88)",6915,GUATEMALA,0.8435,J & E FRUIT AND VEGETABLES,J&E FRUIT AND VEGETABLE,
"[0.84, 0.88)",6915,ECUADOR,0.8785,LABORATORIO QUIMICO FARMACEUTICO ACROMAX S.A,ACROMAX LABORATORIO QUIMICO FARMACEUTICO SA,
"[0.84, 0.88)",6915,ESTADOS UNIDOS,0.8794,ZOOM BLOOM FLORAL LLC / ZOOM BLOOM FLORAL LLC,ZOOM BLOOM LLC,
"[0.84, 0.88)",6915,PERU,0.8703,AEROVIAS DEL CONTINENTE AMERICANO (AVIANCA) SUCURSAL PERU,AEROVIAS DEL CONTINENTE AMERICANO S.A. AVIANCA,
"[0.84, 0.88)",6915,ESTADOS UNIDOS,0.847,BRIGHTLAND FARMS INC..,BRIGHTLAND FLORAL DISTRIBUTORS,
"[0.84, 0.88)",6915,ESTADOS UNIDOS,0.8608,K&L UNIVERSAL GROUP LLC,THE UNIVERSAL GROUP,
"[0.84, 0.88)",6915,GUYANA,0.8667,GK FOODS AND SERVICES LIMITED,GK FOODS AND SERVICIES LIMITED,
"[0.84, 0.88)",6915,ESTADOS UNIDOS,0.8462,US DHL BOWLING GREEN - OPTI C/O HENKEL US OPERATIONS CORP /,US DHL Bowling Green - OPTI,
"[0.84, 0.88)",6915,COSTA RICA,0.8532,Centro de Distribucion Grupo El Lag,CENTRO DE DISTRIBUCION GRUPO EL LAGAR S.A,
"[0.84, 0.88)",6915,VENEZUELA,0.8655,TUBERIAS RIGIDAS DE  P.V.C. C.A.,TUBERIAS RIGIDAS DE PVC C.A.,
"[0.84, 0.88)",6915,PAISES BAJOS,0.8656,JP HOWEGONING BLOEMENGROOTHANDEL BV,J.P. HOGEWONING BLOEMENGROOTHANDEL B.V.,
"[0.84, 0.88)",6915,PAISES BAJOS,0.8645,FRESH SOLUTIONS GMBH,FRESH SOLUTIONS FLOWERS BV,
"[0.84, 0.88)",6915,BOSNIA Y HERZEGOVINA,0.8465,VRTLARIJA SARIC doo,VRTLARIJA SARIC DOO Y/O DAOFLOWERS LIMITED,
"[0.84, 0.88)",6915,BOLIVIA,0.8469,Baker Hughes International Branches LLC,BAKER HUGHES INT'L BRANCHES LLC SUCURSAL BOLIVIA,
"[0.84, 0.88)",6915,ESTADOS UNIDOS,0.8789,JET FRESH FLOWER DISTRIBUTOR..,JET FRESH FLOWER DISTRIBUTORS INC.,
"[0.84, 0.88)",6915,CHILE,0.8703,ANDERS BOLIVIA LTDA,ANDERS CHILE SPA,
"[0.84, 0.88)",6915,ECUADOR,0.875,COMPANIA DE ELABORADOS DE CAFE EL C C.A,COMPANIA DE ELABORADOS DE CAFE EL CAFE C.A.,
"[0.84, 0.88)",6915,ESTADOS UNIDOS,0.8402,Calvary Church,Calvary Christian Church,
"[0.84, 0.88)",6915,ECUADOR,0.875,FABRIL S.A.,LA FABRIL S.A.,
"[0.84, 0.88)",6915,ESTADOS UNIDOS,0.8628,J&G SPECIALTY CROPS LLC,J AND G SPECIALTY CROPS LLC.,
"[0.84, 0.88)",6915,VENEZUELA,0.8456,FERRETODO COMPA??A ANONIMA,FERRETODO COMPAÑÍA ANONIMA,
"[0.88, 0.92)",4223,ITALIA,0.8947,Tapistelar di Giovina Carabba Tettamant,Tapistelar di Giovina Carabba Tettamanti,
"[0.88, 0.92)",4223,ESTADOS UNIDOS,0.9068,JOHN COCKERILL,"JOHN COCKERILL, INDUSTRY NORTH AMERICA, INC.",
"[0.88, 0.92)",4223,BRASIL,0.8972,L: PANASONIC DO BRASIL LTDA,PANASONIC DO BRASIL LTDA,
"[0.88, 0.92)",4223,CANADA,0.9039,WOODLAND NURSERIES LTD Y/O SECORE FLORAL EXPORT LLC,WOODLAND NURSERIES LTD /SECORE,
"[0.88, 0.92)",4223,MEXICO,0.8854,FLOWSERVE S. DE R.L. DE C.V. (CLP_E_MEX - SRD_E_MEX),FLOWSERVE S. DE R.L. DE C.V. (CLP_E_MEX,
"[0.88, 0.92)",4223,HONG KONG,0.9083,JEWELLERY SHOW HONG KONG INTERNATIONAL BOOT 10K31/ELEGANT JE,JEWELLERY SHOW HONG KONG INTERNATIONAL BOOT 10K31,
"[0.88, 0.92)",4223,REPUBLICA DOMINICANA,0.897,Julio Cesar Hernández,JULIO CESAR HERNANDEZ SANTOS,
"[0.88, 0.92)",4223,RUSIA,0.8837,ARCUS FLOWERS,ARCUS,
"[0.88, 0.92)",4223,NICARAGUA,0.8922,ALBERT JOHN ATHA SALINAS,ALBERT JOHN ATHA SALINAS / ALPHACHEMI,
"[0.88, 0.92)",4223,BELICE,0.9074,BANANA GROWERS ASSOCIATION/SOUTH AMERICAN FRUITS SRL,BANANA GROWERS ASSOCIATION,
"[0.88, 0.92)",4223,SUIZA,0.9175,CANDELARIA FLOWERS GMBH  Y/O  CANDELARIA FLOWERS LLC,CANDELARIA FLOWERS GMBH,
"[0.88, 0.92)",4223,REPUBLICA DOMINICANA,0.8883,AGENCIA TECNICA ADUANAL CARLOS NOUEL & ASSOCIADOS SRL,AGENCIA TÉCNICA ADUANAL CARLOS NOUEL & ASOC.,
"[0.88, 0.92)",4223,GUADALUPE,0.8822,MIDI CARAIBES SAN MARTIN,MIDI CARAIBES SAINT MARTIN,
"[0.88, 0.92)",4223,CANADA,0.8991,CAMBRIAN FLOWERS,Cambrian,
"[0.88, 0.92)",4223,GUATEMALA,0.9015,Cesar Amilcar Ajquiy Hernández,CESAR AMILCAR AJQUIY,
"[0.88, 0.92)",4223,ECUADOR,0.8833,IMPORTADORA EXPORTADORA COMERCIALIZADORA RECALRESORTES CIA L,IMPORTADORA RECALRESORTES,
"[0.88, 0.92)",4223,ESTADOS UNIDOS,0.8825,"AL GLASS & WINDOWS, LLC","ALL GLASS & WINDOWS, LLC.",
"[0.88, 0.92)",4223,ESTADOS UNIDOS,0.8891,HYDRIL USA DISTRIBUTION LLC,HYDRIL COMPANY,
"[0.88, 0.92)",4223,TURQUIA,0.8913,FUERTE DIS TICARET LIMITED SIRKETI/ THE FARM DIRECT COMPANY,FUERTE DIS TICARET LIMITED SIRKETI,
"[0.88, 0.92)",4223,ESTADOS UNIDOS,0.9022,Ensign Wholesale Flower Market,ENSIGN WHOLESALE FLORAL,
"[0.88, 0.92)",4223,ESTADOS UNIDOS,0.9081,COEUR SPORTS / FEDEX 466318195486,COEUR SPORTS,
"[0.88, 0.92)",4223,REPUBLICA DOMINICANA,0.8924,BARRICK GOLD PUEBLO VIEJO DOMINICANA CORPORATION,BARRICK PUEBLO VIEJO DOMINICANA CORPORATION,
"[0.88, 0.92)",4223,CANADA,0.9146,JET EQUIPMENT & TOOLS LTD-BD,JET EQUIPMENT & TOOLS LTD.-BC,
"[0.88, 0.92)",4223,COSTA RICA,0.8917,BEJOS M. YAMUNI E HIJOS S.A,BEJOS MIGUEL YAMUNI E HIJOS S.A.,
"[0.88, 0.92)",4223,VENEZUELA,0.9079,"REDIVENCA REPRESENTACIONES, DISTRIBUCION Y VENTAS, C.A.","REDIVENCA REPRESENTACIONES, DISTRIBUCIONES Y VENTAS C.A.",
"[0.88, 0.92)",4223,BRASIL,0.9109,NORPOLIM NORDESTE POLIMEROS INDUSTRIA E COMERCIO DE TERMOPLA,NORPOLIM NORDESTE POLIMEROS INDUSTRIA E COMERCIO DE,
"[0.88, 0.92)",4223,ARABIA SAUDITA,0.8859,Aunz Specialty Coffee,Aunz Specialty Coff,
"[0.88, 0.92)",4223,ESPANA,0.9,GRADYFLOR ESPAÑA S.A. Y/O WALNUT RIDGE TRADING CORP,GRADYFLOR ESPAÑA SA Y/O WALNUT RIDGE TRADING CORP,
"[0.88, 0.92)",4223,CHILE,0.9182,TIGER GROUP SPA,TIGER SPA,
"[0.88, 0.92)",4223,ECUADOR,0.8919,Netafim Quito,NETAFIM ECUADOR S.A,
"[0.88, 0.92)",4223,ESTADOS UNIDOS,0.9081,COEUR SPORTS / FEDEX 466318194045,COEUR SPORTS,
"[0.88, 0.92)",4223,ESTADOS UNIDOS,0.9156,AMENTUM,AMENTUM SERVICES INC.,
"[0.88, 0.92)",4223,CHILE,0.9128,ACUICULTURA JONATHAN ANDRES ALBALLAY RIQUELME E.I.R.L,ACUICULTURA JONATHAN ANDRES ALBALLAY,
"[0.88, 0.92)",4223,ESTADOS UNIDOS,0.8879,THE USA BOUQUET CO,USA BOUQUET LLC,
"[0.88, 0.92)",4223,ESTADOS UNIDOS,0.888,DANISCO USC/O WIDWEST REFRIGERATION SERVICES,DANISCO USC/O MIDWEST REFRIGERATION SERVICES,
"[0.88, 0.92)",4223,AUSTRALIA,0.8959,SEKISUI RIB LOC AUSTRIALIA,SEKISUI RIB LOC AUSTRALIA,
"[0.88, 0.92)",4223,BELGICA,0.9012,ANACO GREEVE INTERNATIONAL/ SOUTH AMERICAN FRUITS SRL,Anaco Greeve international BV,
"[0.88, 0.92)",4223,CURAZAO,0.9104,FRESH PRODUCTS & LOGISTIC BV,FRESH PRODUCTS & LOGISTICS B.V.,
"[0.88, 0.92)",4223,PAISES BAJOS,0.8813,GREENYARD FRESH BRAZIL LTDA//AGRIFOODS IMPORTS AND DISTRIBUT,GREENYARD FRESH BRAZIL LTDA //AGRIFOODS IMPORTS AND DISTRIBU,
"[0.88, 0.92)",4223,MEXICO,0.9025,AGROFORESTAL UUMBAL CHIAPAS SA PI DE CV,AGROFORESTAL UUMBAL CHIAPAS SAPI DE CV,
"[0.92, 0.96)",3515,URUGUAY,0.9214,MULTISPORT SAS,MULTISPORT S.A.S. MULTISPORT S.A.S,
"[0.92, 0.96)",3515,REINO UNIDO,0.9526,AGC COMMODITY STORE,AGC COMMODITY LTD,
"[0.92, 0.96)",3515,CANADA,0.9562,BLOOMSTAR BOUQUET,Bloomstar Bouquet Canada Inc,
"[0.92, 0.96)",3515,EMIRATOS ARABES UNIDOS,0.9589,BERRYMOUNT VEGETABLES & FRUIT TRADING LLC,BERRYMOUNT VEGETABLES AND FRUIT TRADING LLC,
"[0.92, 0.96)",3515,ECUADOR,0.9484,LEVAPAN ECUADOR S.A,LEVAPAN DEL ECUADOR S.A,
"[0.92, 0.96)",3515,ECUADOR,0.9435,BAUS VILLAVICENCIO FRANK RAFAEL,VILLAVICENCIO BAUS FRANK RAFAEL,
"[0.92, 0.96)",3515,PANAMA,0.9418,ELITE EXPORT INC S.A. Y/O EXPOFLORES S.A.,ELITE EXPORTS INC S A Y/O EXPOFLORES S A,
"[0.92, 0.96)",3515,ESTADOS UNIDOS,0.9571,GROFLOWERS DBA,GROFLOWERS,
"[0.92, 0.96)",3515,GUATEMALA,0.9545,BARNES DE CENTROAMERICA S.A. GUATEMALA,BARNES DE CENTROAMERICA S.A.,
"[0.92, 0.96)",3515,ECUADOR,0.9239,LATAM AIRLINES GROUP S .A. SUCURSAL COLOMBIA,LATAM AIRLINES ECUADOR S.A. SUCURSAL COLOMBIA,
"[0.92, 0.96)",3515,ESTADOS UNIDOS,0.9517,ALLY BRAZILIAN MERCHANTS,ALLY BRAZILIAN COFFEE MERCHANTS,
"[0.92, 0.96)",3515,CANADA,0.9389,"BARRY CALLEBAUT USA,LLC",BARRY CALLEBAUT CANADA INC.,
"[0.92, 0.96)",3515,CHILE,0.9357,TRADEPRO CHILE S.P.A,TRADEPRO INC,
"[0.92, 0.96)",3515,BRASIL,0.95,BALL HORTICULTURAL DO BRAZIL LTDA,BALL HORTICULTURAL DO BRAZIL LTDA Y/O BALL SB L.C.,
"[0.92, 0.96)",3515,COREA DEL SUR,0.95,POSCO CENTER,"POSCO, POSCO CENTER",
"[0.92, 0.96)",3515,ARABIA SAUDITA,0.925,GHARSAT  WARD  LLC,GHARSAT WARD FOR TRADING,
"[0.92, 0.96)",3515,RUSIA,0.9204,IP-MORALES-KARDOSO NELSON,IP NELSON MORALES KARDOSO,
"[0.92, 0.96)",3515,SUIZA,0.9495,SHIRIN ORIENTE PPICH UND WOHNDESIGN GALERIE GMBH,SHIRIN ORIENTTE PPICH UND WOHNDESIGN GALERIE GMBH,
"[0.92, 0.96)",3515,ESTADOS UNIDOS,0.9299,DRAMM ECHTER FARMS DE YO WALNUT RIDGE TRADING CORP,DRAMM ECHTER FARMS (D&E) Y/O WALNUT RIDGE TRADING CORP,
"[0.92, 0.96)",3515,ESTADOS UNIDOS,0.9522,ANTONIAS FARM LLC,ANTONIAS FARMS,
"[0.92, 0.96)",3515,ESTADOS UNIDOS,0.925,DREAMSEAT - PO # 11608,Dreamseat,
"[0.92, 0.96)",3515,ESTADOS UNIDOS,0.925,HINCAPIE SPORTSWEAR  / FEDEX 482712536720,HINCAPIE SPORTSWEAR,
"[0.92, 0.96)",3515,ESTADOS UNIDOS,0.9571,GRACE KENNEDY FOODS (USA)  LLC- DBA LA FE,GRACE KENNEDY FOODS (USA) LLC,
"[0.92, 0.96)",3515,COREA DEL SUR,0.9455,MISARO FLOWERS DISTRIBUTION,MISARO FLOWER DISTRIBUTION,
"[0.92, 0.96)",3515,ESTADOS UNIDOS,0.9378,DANIEL JOSEPH OVERTON JR/DANIEL J OVERTON,Daniel Joseph Overton JR,
"[0.92, 0.96)",3515,ESTADOS UNIDOS,0.9286,VOSZ FLORAL WHOLESALE,VOSZ FLORAL,
"[0.92, 0.96)",3515,ECUADOR,0.92,CEDETEC S.A,CEDETEC S.A ECUADOR,
"[0.92, 0.96)",3515,COREA DEL SUR,0.9377,KOREA EAST-WEST POWER CO. LTD./GLENCORE INTERNACIONAL AG,KOREA SOUTH-EAST POWER CO. LTD/GLENCORE INTERNACIONAL AG,
"[0.92, 0.96)",3515,ESTADOS UNIDOS,0.9456,ELITE EXPORTS INC S A Y/O ECOPLANTS LLC,ELITE EXPORT INC S.A. Y/O ECOPLANTS LLC,
"[0.92, 0.96)",3515,BAHREIN,0.9417,ROLANDA CHOCOLATES,ROLANDA CHOCOLATES & FLOWERS,
"[0.92, 0.96)",3515,KAZAJSTAN,0.9206,FLORESOL E.U.- FLORESOL INC,FLORESOL EU,
"[0.92, 0.96)",3515,ESPANA,0.9565,MONTOYA SANDRA LILIANA 44444440,MONTOYA SANDRA LILIANA,
"[0.92, 0.96)",3515,CHINA,0.9351,BEIJING YOU XIN BAI RONG COMMERCE AND TRADE CO.LTD Y/O HUAN,BEIJING YOU XIN BAI RONG COMMERCE AND TRADE CO.LTD,
"[0.92, 0.96)",3515,ESTADOS UNIDOS,0.9294,Dreamseat OC 5411,Dreamseat,
"[0.92, 0.96)",3515,VIET NAM,0.9389,MINH HUNG AGRICULTURAL MATERIALS,"MINH HUNG AGRICULTURAL MATERIALS TRADING AND SERVICE CO., L",
"[0.92, 0.96)",3515,GUATEMALA,0.9444,TABLEROS DE AGLOMERADOS SOCIEDAD ANONIMA,TABLEROS Y AGLOMERADOS,
"[0.92, 0.96)",3515,ESTADOS UNIDOS,0.9391,HINCAPIE SPORTSWEAR // 482712532139,HINCAPIE SPORTSWEAR,
"[0.92, 0.96)",3515,CURAZAO,0.9429,ARCOS DORADOS,ARCOS DORADOS CURACAO N.V,
"[0.92, 0.96)",3515,ESTADOS UNIDOS,0.95,ERGOWEAR USA LLC,ERGOWEAR LLC,
"[0.92, 0.96)",3515,ESTADOS UNIDOS,0.925,HINCAPIE SPORTSWEAR // FEDEX 466318193200,HINCAPIE SPORTSWEAR,
"[0.96, 1.00)",41952,REINO UNIDO,1.0,Finlay Beverages Limited,FINLAY BEVERAGES LTD,
"[0.96, 1.00)",41952,ESTADOS UNIDOS,1.0,"TECOVAS, INC",TECOVAS,
"[0.96, 1.00)",41952,ESTADOS UNIDOS,1.0,"BIOMINERALES PHARMA, LLC",BIOMINERALES PHARMA LLC,
"[0.96, 1.00)",41952,MEXICO,1.0,"NESTLÉ MÉXICO S.A. DE C.V.,",NESTLE MEXICO S.A. DE C.V.,
"[0.96, 1.00)",41952,ESTADOS UNIDOS,0.9969,"COMMERCIAL ZELECTA TRADING GROUP, CORP - FST WHOLESALE / SE","COMMERCIAL ZELECTA TRADING GROUP, CORP -  FST WHOLESALE - S",
"[0.96, 1.00)",41952,VENEZUELA,1.0,"TUBOS CONELG, C.A","TUBOS CONELG, C.A.",
"[0.96, 1.00)",41952,ESTADOS UNIDOS,1.0,"COLOUR REPUBLIC, LLC",COLOUR REPUBLIC LLC,
"[0.96, 1.00)",41952,ESPANA,1.0,VIBRANTZ PERFORMANCE PIGMENTS SPAIN.,VIBRANTZ PERFORMANCE PIGMENTS SPAIN. S.L.,
"[0.96, 1.00)",41952,KUWAIT,1.0,QAMARA COMPANY FOR GENERAL TRADE FOR FOOD,QAMARA CO FOR GENERAL TRADE FOR FOOD,
"[0.96, 1.00)",41952,VENEZUELA,1.0,"JLB MARKET, C.A.",JLB MARKET C.A.,
"[0.96, 1.00)",41952,ESTADOS UNIDOS,1.0,BELLA BLOSSOM.,BELLA BLOSSOM LLC,
"[0.96, 1.00)",41952,CANADA,1.0,FLORISTS SUPPLY LTD / SASKATOON,FLORISTS SUPPLY SASKATOON,
"[0.96, 1.00)",41952,PERU,1.0,IMPORTACIONES Y EXPORTACIONES LIU SAC,IMPORTACIONES Y EXPORTACIONES LIU S.A.C,
"[0.96, 1.00)",41952,VENEZUELA,1.0,IMPORTADORA 2530 C.A,IMPORTADORA 2530 C.A.,
"[0.96, 1.00)",41952,PERU,1.0,"IBM DEL PERU, S,A,C.",IBM DEL PERU SAC,
"[0.96, 1.00)",41952,AUSTRALIA,0.9972,COMMERCIAL ZELECTA TRADING GROUP CORP - FLOWER  MASTER PTY L,COMMERCIAL ZELECTA TRADING GROUP CORP - FLOWER MASTER PTY LT,
"[0.96, 1.00)",41952,PANAMA,1.0,"CENTROEQUIPOS, S.A.",CENTROEQUIPOS SA,
"[0.96, 1.00)",41952,ECUADOR,1.0,GUAMANI MENA JORGE ISMAEL,"GUAMANI,MENA,JORGE,ISMAEL",
"[0.96, 1.00)",41952,ESTADOS UNIDOS,1.0,SPLENDOR PROTEAS LLC..,SPLENDOR PROTEAS LLC.,
"[0.96, 1.00)",41952,VENEZUELA,1.0,"INVERSIONES MAX 1302, LLC",INVERSIONES MAX-1302 C.A,
"[0.96, 1.00)",41952,CHILE,1.0,BAYER S.A.,BAYER SA,
"[0.96, 1.00)",41952,MEXICO,0.9735,HENKEL CAPITAL,HENKEL CAPITAL S.A. DE C.V.,
"[0.96, 1.00)",41952,VENEZUELA,1.0,GRUPO DOBLE AA C.A.,"GRUPO DOBLE AA, C.A.",
"[0.96, 1.00)",41952,GUATEMALA,1.0,GLOBAL COLOMBIA SA,GLOBAL COLOMBIA SOCIEDAD ANONIMA,
"[0.96, 1.00)",41952,URUGUAY,1.0,Syngenta Paraguay S.A.,Syngenta Paraguay SA,
"[0.96, 1.00)",41952,JAPON,1.0,ASC CO,ASC CO LTD,
"[0.96, 1.00)",41952,ESTADOS UNIDOS,1.0,SOUTH COAST WHOLESALE FLOWERS,SOUTH COAST WHOLESALE FLOWERS LLC,
"[0.96, 1.00)",41952,ECUADOR,1.0,TERPEL-COMERCIAL ECUADOR CIA LTDA,TERPEL COMERCIAL ECUADOR CIA LTDA,
"[0.96, 1.00)",41952,BELGICA,1.0,Pacorini Antwerp NV,PACORINI ANTWERP NV,
"[0.96, 1.00)",41952,BELGICA,1.0,SPECIAL FRUIT NV,SPECIAL FRUIT,
"[0.96, 1.00)",41952,CANADA,1.0,SCHLUMBERGER CANADA LTD.,SCHLUMBERGER CANADA LTD,
"[0.96, 1.00)",41952,ECUADOR,1.0,LUCY LILIAN LUNA PORTERO-IMEL,LUCY LILIAN LUNA PORTERO IMEL,
"[0.96, 1.00)",41952,EL SALVADOR,1.0,LABORATORIOS BIOLOGICOS DE EL SALVADOR S.A. DE C.V,LABORATORIOS BIOLOGICOS DE EL SALVADOR SA DE CV,
"[0.96, 1.00)",41952,PUERTO RICO,1.0,"E. INGLES BUILDER CONTRACTOR, INC.","E INGLES BUILDER CONTRACTOR, INC",
"[0.96, 1.00)",41952,AUSTRALIA,1.0,Althea Company. Pty. Ltd,Althea Company Pty Ltd,
"[0.96, 1.00)",41952,ESTADOS UNIDOS,0.9727,US PLASTICS TRADING Y LOGISTICS - J,US PLASTICS TRADING And LOGISTICS-SA,
"[0.96, 1.00)",41952,BRASIL,1.0,AEROVIAS DEL CONTINENTE AMERICANO AVIANCA,AEROVIAS DEL CONTINENTE AMERICANO S.A. AVIANCA,
"[0.96, 1.00)",41952,ECUADOR,1.0,INSUMOS PROFESIONALES INSUPROF  CIA.,INSUMOS PROFESIONALES INSUPROF CIA. LTDA.,
"[0.96, 1.00)",41952,TRINIDAD Y TOBAGO,1.0,CASTALLOY COMPANY LTD,CASTALLOY CO LTD,
"[0.96, 1.00)",41952,REPUBLICA DOMINICANA,1.0,"MERLODIST, S.R.L",MERLODIST SRL,
