PAIS_DESTINO_FINAL,PAIS_FINAL,PAIS_ISO3,PAIS_METODO,N_FILAS,NUM_REGISTROS_EXPORTACION,VALOR_FOB_USD_TOTAL
ALBANIA,ALBANIA,ALB,catalogo_exacto,17,38,33712817.9
Albania,ALBANIA,ALB,catalogo_exacto,9,95,4410228.77
ALEMANIA,ALEMANIA,DEU,catalogo_exacto,1617,24390,2056295109.8
Alemania,ALEMANIA,DEU,catalogo_exacto,932,12451,1215192975.25
ANDORRA,ANDORRA,AND,catalogo_exacto,1,12,8114.0
Andorra,ANDORRA,AND,catalogo_exacto,1,19,11318.5
ANGOLA,ANGOLA,AGO,catalogo_exacto,36,364,9010610.1
Angola,ANGOLA,AGO,catalogo_exacto,20,62,1432301.68
Anguila,ANGUILA,AIA,catalogo_exacto,5,25,265520.97
ANGUILA,ANGUILA,AIA,catalogo_exacto,2,9,24682.2
ANGUILLA,ANGUILA,AIA,catalogo_exacto,2,16,30964.19
ANTIGUA Y BARBUDA,ANTIGUA Y BARBUDA,ATG,catalogo_exacto,44,586,6099306.189999999
Antigua y Barbuda,ANTIGUA Y BARBUDA,ATG,catalogo_exacto,29,415,2448090.92
ARABIA SAUDITA,ARABIA SAUDITA,SAU,catalogo_exacto,467,4422,284609974.52
Arabia Saudita,ARABIA SAUDITA,SAU,catalogo_exacto,344,2951,158613233.7
Argelia,ARGELIA,DZA,catalogo_exacto,45,557,55160003.75
ARGELIA,ARGELIA,DZA,catalogo_exacto,23,84,6049411.53
ARGENTINA,ARGENTINA,ARG,catalogo_exacto,1271,17888,1077549948.73
Argentina,ARGENTINA,ARG,catalogo_exacto,816,11011,398008770.14
ARMENIA,ARMENIA,ARM,catalogo_exacto,32,451,2035490.28
Armenia,ARMENIA,ARM,catalogo_exacto,24,323,1104984.09
ARUBA,ARUBA,ABW,catalogo_exacto,737,34023,109552706.97
Aruba,ARUBA,ABW,catalogo_exacto,498,19681,53293519.54
AUSTRALIA,AUSTRALIA,AUS,catalogo_exacto,591,10828,453935192.8
Australia,AUSTRALIA,AUS,catalogo_exacto,345,5399,245576360.54
AUSTRIA,AUSTRIA,AUT,catalogo_exacto,97,833,9281161.18
Austria,AUSTRIA,AUT,catalogo_exacto,74,455,3928869.87
AZERBAIYÁN,AZERBAIYAN,AZE,catalogo_exacto,42,217,413972.74
Azerbaiyán,AZERBAIYAN,AZE,catalogo_exacto,34,216,1368817.68
AZERBAIJAN,AZERBAIYAN,AZE,catalogo_exacto,28,114,310219.78
BAHAMAS,BAHAMAS,BHS,catalogo_exacto,127,1824,682364039.18
Bahamas,BAHAMAS,BHS,catalogo_exacto,104,931,23277413.9
BAHREIN,BAHREIN,BHR,catalogo_exacto,77,1647,4809516.59
Bahrein,BAHREIN,BHR,catalogo_exacto,48,405,1835437.17
BANGLADESH,BANGLADESH,BGD,catalogo_exacto,14,138,4678521.76
Bangladesh,BANGLADESH,BGD,catalogo_exacto,3,4,109940.17
BARBADOS,BARBADOS,BRB,catalogo_exacto,166,3462,30624093.73
Barbados,BARBADOS,BRB,catalogo_exacto,149,1939,17077649.84
BELARUS,BELARUS,BLR,catalogo_exacto,40,654,3191331.6
BELARÚS,BELARUS,BLR,catalogo_exacto,30,628,3345218.86
Belarús,BELARUS,BLR,catalogo_exacto,30,502,2612992.98
BÉLGICA,BELGICA,BEL,catalogo_exacto,700,7978,1018327445.63
Bélgica,BELGICA,BEL,catalogo_exacto,531,8841,1259755513.67
BELGICA,BELGICA,BEL,catalogo_exacto,505,5814,806643373.62
BÉLICE,BELICE,BLZ,catalogo_exacto,69,735,9340323.83
Belice,BELICE,BLZ,catalogo_exacto,67,771,5360603.77
BELICE,BELICE,BLZ,catalogo_exacto,54,655,4368745.86
BENIN,BENIN,BEN,catalogo_exacto,5,27,287713.76
Benin,BENIN,BEN,catalogo_exacto,4,6,1225341.03
BERMUDAS,BERMUDAS,BMU,catalogo_exacto,18,120,922664.28
Bermuda,BERMUDAS,BMU,catalogo_exacto,9,44,768824.1799999999
BOLIVIA,BOLIVIA,BOL,catalogo_exacto,1217,46991,365231117.16
Bolivia (Estado Plurinacional de),BOLIVIA,BOL,catalogo_exacto,624,14555,117785186.46
"BONAIRE, SAN EUSTAQUIO Y SABA","BONAIRE, SAN EUSTAQUIO Y SABA",BES,catalogo_exacto,1,60,786923767.2
"Bonaire, San Eustaquio y Saba","BONAIRE, SAN EUSTAQUIO Y SABA",BES,catalogo_exacto,1,2,31084242.6
BOSNIA Y HERZEGOVINA,BOSNIA Y HERZEGOVINA,BIH,catalogo_exacto,15,140,588539.09
Bosnia y Herzegovina,BOSNIA Y HERZEGOVINA,BIH,catalogo_exacto,8,86,292831.37
BOTSWANA,BOTSWANA,BWA,catalogo_exacto,2,3,35090.3
BRASIL,BRASIL,BRA,catalogo_exacto,2716,50456,6145418307.690001
Brasil,BRASIL,BRA,catalogo_exacto,1741,25477,2768525638.79
BRUNEI DARUSSALAM,BRUNEI DARUSSALAM,BRN,catalogo_exacto,5,15,185074988.43
Brunei Darussalam,BRUNEI DARUSSALAM,BRN,catalogo_exacto,3,6,26315.28
BULGARIA,BULGARIA,BGR,catalogo_exacto,45,245,27136729.3
Bulgaria,BULGARIA,BGR,catalogo_exacto,42,307,10539629.96
BURKINA FASO,BURKINA FASO,BFA,catalogo_exacto,4,20,472478.21
Burundi,BURUNDI,BDI,catalogo_exacto,2,3,103681.0
CABO VERDE,CABO VERDE,CPV,catalogo_exacto,9,162,1749797.75
Cabo Verde,CABO VERDE,CPV,catalogo_exacto,5,83,493798.28
CAMBOYA (KAMPUCHEA),CAMBOYA,KHM,catalogo_exacto,9,40,375057.5
CAMBOYA,CAMBOYA,KHM,catalogo_exacto,3,11,281856.0
Camboya,CAMBOYA,KHM,catalogo_exacto,2,4,596013.74
Camerún,CAMERUN,CMR,catalogo_exacto,25,150,99914288.3
CAMERÚN,CAMERUN,CMR,catalogo_exacto,14,66,6994898.35
CAMERUN REP UNIDA DEL,CAMERUN,CMR,catalogo_exacto,13,45,2378665.88
CANADA,CANADA,CAN,catalogo_exacto,2261,41812,1278681370.39
CANADÁ,CANADA,CAN,catalogo_exacto,2212,54886,1083958726.9
Canadá,CANADA,CAN,catalogo_exacto,1973,48744,2700507113.81
CHAD,CHAD,TCD,catalogo_exacto,3,22,693052.0
Chad,CHAD,TCD,catalogo_exacto,3,6,516144.44
Chequia,CHEQUIA,CZE,catalogo_exacto,182,1980,10153903.04
REPÚBLICA CHECA,CHEQUIA,CZE,catalogo_exacto,165,2387,12704051.23
REPUBLICA CHECA,CHEQUIA,CZE,catalogo_exacto,150,1700,10109152.06
CHILE,CHILE,CHL,catalogo_exacto,3228,126983,3648740830.11
Chile,CHILE,CHL,catalogo_exacto,1880,62048,1394529270.28
CHINA,CHINA,CHN,catalogo_exacto,1546,15239,6770173329.79
China,CHINA,CHN,catalogo_exacto,893,8385,1542877764.86
CHIPRE,CHIPRE,CYP,catalogo_exacto,14,59,826261.3300000001
Chipre,CHIPRE,CYP,catalogo_exacto,7,43,783259.62
COLOMBIA,COLOMBIA,COL,catalogo_exacto,13,28346,32545765.5
Colombia,COLOMBIA,COL,catalogo_exacto,9,15069,18737530.71
COMORAS,COMORAS,COM,catalogo_exacto,3,48,401313.09
Comoras,COMORAS,COM,catalogo_exacto,1,4,47630.5
CONGO REPUBLICA DEL,CONGO,COG,catalogo_exacto,33,298,11332488.67
Congo,CONGO,COG,catalogo_exacto,18,184,6931001.89
República Popular Democrática de Corea,COREA DEL NORTE,PRK,catalogo_exacto,4,27,47421.89999999999
COREA (NORTE) REPPOPDEM DE,COREA DEL NORTE,PRK,catalogo_exacto,3,4,1634448.35
COREA (SUR) REPÚBLICA DE,COREA DEL SUR,KOR,catalogo_exacto,861,13044,1648148393.46
COREA (SUR) REP DE,COREA DEL SUR,KOR,catalogo_exacto,748,8472,966387930.34
República de Corea,COREA DEL SUR,KOR,catalogo_exacto,743,11640,1088686192.99
COSTA DE MARFIL,COSTA DE MARFIL,CIV,catalogo_exacto,63,479,668348480.35
Côte d’Ivoire,COSTA DE MARFIL,CIV,catalogo_exacto,31,423,13204805.84
COSTA RICA,COSTA RICA,CRI,catalogo_exacto,3783,176129,1016961749.87
Costa Rica,COSTA RICA,CRI,catalogo_exacto,2383,87507,519088079.33
CROACIA,CROACIA,HRV,catalogo_exacto,29,244,31962692.28
Croacia,CROACIA,HRV,catalogo_exacto,27,180,34681196.79
CUBA,CUBA,CUB,catalogo_exacto,517,8284,142024757.67
Cuba,CUBA,CUB,catalogo_exacto,467,5303,139893810.68
CURAZAO,CURAZAO,CUW,catalogo_exacto,799,37539,129404905.58
Curazao,CURAZAO,CUW,catalogo_exacto,418,13232,47426870.46
DINAMARCA,DINAMARCA,DNK,catalogo_exacto,95,746,145828596.31
Dinamarca,DINAMARCA,DNK,catalogo_exacto,65,562,40439432.38
YIBUTI,DJIBOUTI,DJI,catalogo_exacto,19,36,1534909.0
Djibouti,DJIBOUTI,DJI,catalogo_exacto,16,33,1697100.49
DJIBOUTI,DJIBOUTI,DJI,catalogo_exacto,9,13,1733878.44
DOMINICA,DOMINICA,DMA,catalogo_exacto,37,773,5394112.99
Dominica,DOMINICA,DMA,catalogo_exacto,21,297,2040109.52
ECUADOR,ECUADOR,ECU,catalogo_exacto,9639,451183,5818187099.68
Ecuador,ECUADOR,ECU,catalogo_exacto,5439,204506,2340674657.22
EGIPTO,EGIPTO,EGY,catalogo_exacto,205,901,724056301.61
Egipto,EGIPTO,EGY,catalogo_exacto,102,297,108401880.43
EL SALVADOR,EL SALVADOR,SLV,catalogo_exacto,1943,73079,521098917.09
El Salvador,EL SALVADOR,SLV,catalogo_exacto,1285,39320,332520182.38
EMIRATOS ÁRABES UNIDOS,EMIRATOS ARABES UNIDOS,ARE,catalogo_exacto,714,10064,735920544.5
Emiratos Árabes Unidos,EMIRATOS ARABES UNIDOS,ARE,catalogo_exacto,682,9635,1200100346.78
EMIRATOS ARABES UNIDOS,EMIRATOS ARABES UNIDOS,ARE,catalogo_exacto,585,6561,321442183.27
ESLOVAQUIA,ESLOVAQUIA,SVK,catalogo_exacto,39,383,6457420.26
Eslovaquia,ESLOVAQUIA,SVK,catalogo_exacto,25,172,1917941.75
ESLOVENIA,ESLOVENIA,SVN,catalogo_exacto,59,785,159689510.65
Eslovenia,ESLOVENIA,SVN,catalogo_exacto,38,473,64319571.95
ESPAÑA,ESPANA,ESP,catalogo_exacto,4062,70687,3359395724.08
España,ESPANA,ESP,catalogo_exacto,2043,39777,1140558782.43
PALESTINA,ESTADO DE PALESTINA,PSE,catalogo_exacto,4,15,517579.0
ESTADO DE PALESTINA,ESTADO DE PALESTINA,PSE,catalogo_exacto,3,16,574935.96
Estado de Palestina,ESTADO DE PALESTINA,PSE,catalogo_exacto,2,13,516878.5
ESTADOS UNIDOS DE AMÉRICA,ESTADOS UNIDOS,USA,catalogo_exacto,16101,480032,23091206941.91
ESTADOS UNIDOS,ESTADOS UNIDOS,USA,catalogo_exacto,14267,365551,17657666830.31
Estados Unidos de América,ESTADOS UNIDOS,USA,catalogo_exacto,13195,427279,15144061267.12
ESTONIA,ESTONIA,EST,catalogo_exacto,73,842,24742979.68
Estonia,ESTONIA,EST,catalogo_exacto,65,658,26305126.2
ESWATINI,ESWATINI,SWZ,catalogo_exacto,1,1,63343.82
Eswatini,ESWATINI,SWZ,catalogo_exacto,1,2,35579.43
ETIOPÍA,ETIOPIA,ETH,catalogo_exacto,16,54,643485.7
Etiopía,ETIOPIA,ETH,catalogo_exacto,13,62,7474812.82
ETIOPIA,ETIOPIA,ETH,catalogo_exacto,8,29,254508.03
FIJI,FIJI,FJI,catalogo_exacto,2,91,569971.49
FIDJI,FIJI,FJI,catalogo_exacto,1,45,264706.83
Fiji,FIJI,FJI,catalogo_exacto,1,64,359166.34
FILIPINAS,FILIPINAS,PHL,catalogo_exacto,100,784,35140240.94
Filipinas,FILIPINAS,PHL,catalogo_exacto,63,263,10936649.13
FINLANDIA,FINLANDIA,FIN,catalogo_exacto,78,1033,262604991.74
Finlandia,FINLANDIA,FIN,catalogo_exacto,34,574,120186196.76
FRANCIA,FRANCIA,FRA,catalogo_exacto,1021,16681,658450473.5
Francia,FRANCIA,FRA,catalogo_exacto,572,9225,437476171.36
Gabón,GABON,GAB,catalogo_exacto,25,109,19437284.54
GABÓN,GABON,GAB,catalogo_exacto,20,97,47125481.53
GABON,GABON,GAB,catalogo_exacto,17,68,36570221.98
GAMBIA,GAMBIA,GMB,catalogo_exacto,1,2,12600.0
Gambia,GAMBIA,GMB,catalogo_exacto,1,1,19317.0
GEORGIA,GEORGIA,GEO,catalogo_exacto,41,217,5034792.6
Georgia,GEORGIA,GEO,catalogo_exacto,29,133,119209754.55
GHANA,GHANA,GHA,catalogo_exacto,36,237,8321891.87
Ghana,GHANA,GHA,catalogo_exacto,36,125,9273201.76
GRANADA,GRANADA,GRD,catalogo_exacto,47,797,4505861.3
Granada,GRANADA,GRD,catalogo_exacto,27,258,1215864.98
GRECIA,GRECIA,GRC,catalogo_exacto,169,1614,65480451.34
Grecia,GRECIA,GRC,catalogo_exacto,128,905,55212114.31
GUADALUPE,GUADALUPE,GLP,catalogo_exacto,93,2742,66454938.81
Guadalupe,GUADALUPE,GLP,catalogo_exacto,62,1311,12178878.74
GUAM,GUAM,GUM,catalogo_exacto,9,257,690330.76
Guam,GUAM,GUM,catalogo_exacto,5,110,99392.56999999999
GUATEMALA,GUATEMALA,GTM,catalogo_exacto,3357,136444,1378615500.55
Guatemala,GUATEMALA,GTM,catalogo_exacto,2245,76360,687034735.39
Guayana Francesa,GUAYANA FRANCESA,GUF,catalogo_exacto,30,139,1225580.58
GUAYANA FRANCESA,GUAYANA FRANCESA,GUF,catalogo_exacto,24,252,3295782.34
GUINEA,GUINEA,GIN,catalogo_exacto,13,151,4378441.149999999
Guinea,GUINEA,GIN,catalogo_exacto,5,60,7569899.07
GUINEA ECUATORIAL,GUINEA ECUATORIAL,GNQ,catalogo_exacto,13,46,964418.26
Guinea Ecuatorial,GUINEA ECUATORIAL,GNQ,catalogo_exacto,4,4,188322.73
GUINEA BISSAU,GUINEA-BISSAU,GNB,catalogo_exacto,4,29,235163.43
GUINEA - BISSAU,GUINEA-BISSAU,GNB,catalogo_exacto,3,14,131197.27
Guinea-Bissau,GUINEA-BISSAU,GNB,catalogo_exacto,1,6,84890.3
GUYANA,GUYANA,GUY,catalogo_exacto,285,4055,88426507.21
Guyana,GUYANA,GUY,catalogo_exacto,256,3593,104146646.32
HAITI,HAITI,HTI,catalogo_exacto,147,1420,67261983.98
HAITÍ,HAITI,HTI,catalogo_exacto,126,1490,96498442.24
Haití,HAITI,HTI,catalogo_exacto,109,950,42834519.56
HONDURAS,HONDURAS,HND,catalogo_exacto,1977,42118,395533394.89
Honduras,HONDURAS,HND,catalogo_exacto,1201,21131,197912589.6
HONG KONG,HONG KONG,HKG,catalogo_exacto,582,4330,1026879019.5
"China, región administrativa especial de Hong Kong",HONG KONG,HKG,catalogo_exacto,396,2178,266284793.04
Hungría,HUNGRIA,HUN,catalogo_exacto,76,1445,6048655.79
HUNGRÍA,HUNGRIA,HUN,catalogo_exacto,69,1236,4215205.43
HUNGRIA,HUNGRIA,HUN,catalogo_exacto,43,668,2994943.48
INDIA,INDIA,IND,catalogo_exacto,625,6064,6549520519.07
India,INDIA,IND,catalogo_exacto,357,2859,1306587632.55
INDONESIA,INDONESIA,IDN,catalogo_exacto,183,1064,219601938.89
Indonesia,INDONESIA,IDN,catalogo_exacto,109,592,22498097.63
IRAQ,IRAQ,IRQ,catalogo_exacto,41,107,114476087.73
Iraq,IRAQ,IRQ,catalogo_exacto,28,92,109643718.8
IRAK,IRAQ,IRQ,catalogo_exacto,23,54,46377804.36
IRLANDA (EIRE),IRLANDA,IRL,catalogo_exacto,152,1862,366574772.2399999
Irlanda,IRLANDA,IRL,catalogo_exacto,89,1073,32196028.88
ISLANDIA,ISLANDIA,ISL,catalogo_exacto,7,22,1309847.88
Islandia,ISLANDIA,ISL,catalogo_exacto,2,6,977554.8200000001
Islas Caimán,ISLAS CAIMAN,CYM,catalogo_exacto,44,445,19160532.11
CAIMÁN ISLAS,ISLAS CAIMAN,CYM,catalogo_exacto,42,282,16753564.2
CAIMAN ISLAS,ISLAS CAIMAN,CYM,catalogo_exacto,35,223,12115503.5
Islas Marshall,ISLAS MARSHALL,MHL,catalogo_exacto,1,1,30672.73
"MARSHALL, ISLAS",ISLAS MARSHALL,MHL,catalogo_exacto,1,1,23075.0
Islas Turcas y Caicos,ISLAS TURCAS Y CAICOS,TCA,catalogo_exacto,46,699,4963254.12
"TURCAS Y CAICOS, ISLAS",ISLAS TURCAS Y CAICOS,TCA,catalogo_exacto,29,285,6942073.529999999
TURCAS Y CAICOS ISLAS,ISLAS TURCAS Y CAICOS,TCA,catalogo_exacto,23,118,1430268.49
VIRGENES ISLAS (BRITÁNICAS),ISLAS VIRGENES BRITANICAS,VGB,catalogo_exacto,20,129,559468.9
Islas Vírgenes Británicas,ISLAS VIRGENES BRITANICAS,VGB,catalogo_exacto,19,214,1591679.59
VIRGENES ISLAS (REINO UNIDO),ISLAS VIRGENES BRITANICAS,VGB,catalogo_exacto,18,112,950599.98
Islas Vírgenes de los Estados Unidos,ISLAS VIRGENES DE LOS ESTADOS UNIDOS,VIR,catalogo_exacto,14,46,469109.89
VIRGENES ISLAS (ESTADOS UNIDO,ISLAS VIRGENES DE LOS ESTADOS UNIDOS,VIR,catalogo_exacto,8,31,386353.63
VIRGENES ISLAS (ESTADOS UNIDOS),ISLAS VIRGENES DE LOS ESTADOS UNIDOS,VIR,catalogo_exacto,5,65,293224.66
ISRAEL,ISRAEL,ISR,catalogo_exacto,320,2979,1847416278.94
Israel,ISRAEL,ISR,catalogo_exacto,160,1250,171921057.93
ITALIA,ITALIA,ITA,catalogo_exacto,1227,15992,2608881714.1
Italia,ITALIA,ITA,catalogo_exacto,683,7662,1852269504.58
JAMAICA,JAMAICA,JAM,catalogo_exacto,522,14332,589712148.8100001
Jamaica,JAMAICA,JAM,catalogo_exacto,359,6477,100287614.11
JAPÓN,JAPON,JPN,catalogo_exacto,660,11921,911398525.33
JAPON,JAPON,JPN,catalogo_exacto,636,9488,879878032.6
Japón,JAPON,JPN,catalogo_exacto,555,11162,752152760.11
JORDANIA,JORDANIA,JOR,catalogo_exacto,82,331,59588765.69
Jordania,JORDANIA,JOR,catalogo_exacto,37,153,42181912.94
Kazajstán,KAZAJSTAN,KAZ,catalogo_exacto,878,8497,29252855.87
KAZAJSTÁN,KAZAJSTAN,KAZ,catalogo_exacto,774,10275,31240392.99
KAZAJSTAN,KAZAJSTAN,KAZ,catalogo_exacto,518,4158,12343894.44
KENIA,KENIA,KEN,catalogo_exacto,41,227,2387074.25
Kenya,KENIA,KEN,catalogo_exacto,26,259,2014993.34
Kirguistán,KIRGUISTAN,KGZ,catalogo_exacto,80,431,893491.34
KIRGUISTÁN,KIRGUISTAN,KGZ,catalogo_exacto,61,628,1205871.15
KIRGUIZISTAN,KIRGUISTAN,KGZ,catalogo_exacto,24,143,200724.42
KUWAIT,KUWAIT,KWT,catalogo_exacto,250,4394,17163431.87
Kuwait,KUWAIT,KWT,catalogo_exacto,131,2321,14250279.55
"LAO, REPÚBLICA DEMOCRÁTICA POPULAR DE",LAOS,LAO,catalogo_exacto,1,2,14378.0
LAOS REPPOP DEMOCRATICA DE,LAOS,LAO,catalogo_exacto,1,1,6680.0
LESOTHO,LESOTHO,LSO,catalogo_exacto,1,1,12995.0
LETONIA,LETONIA,LVA,catalogo_exacto,45,461,22499019.2
Letonia,LETONIA,LVA,catalogo_exacto,34,256,15202877.72
LIBANO,LIBANO,LBN,catalogo_exacto,55,856,43285148.66
LÍBANO,LIBANO,LBN,catalogo_exacto,55,493,17481174.02
Líbano,LIBANO,LBN,catalogo_exacto,41,265,12871751.01
LIBERIA,LIBERIA,LBR,catalogo_exacto,19,114,2994481.71
Liberia,LIBERIA,LBR,catalogo_exacto,11,84,2689951.77
LIBIA,LIBIA,LBY,catalogo_exacto,70,260,17488660.51
Libia,LIBIA,LBY,catalogo_exacto,12,20,1079674.36
LITUANIA,LITUANIA,LTU,catalogo_exacto,28,333,6586281.37
Lituania,LITUANIA,LTU,catalogo_exacto,19,102,4147284.34
LUXEMBURGO,LUXEMBURGO,LUX,catalogo_exacto,9,19,1258231.79
Luxemburgo,LUXEMBURGO,LUX,catalogo_exacto,8,47,1236331.2
MACAO,MACAO,MAC,catalogo_exacto,6,24,1508498.4
"China, región administrativa especial de Macao",MACAO,MAC,catalogo_exacto,5,7,804293.6000000001
MACEDONIA DEL NORTE,MACEDONIA DEL NORTE,MKD,catalogo_exacto,6,39,1392086.34
Macedonia del Norte,MACEDONIA DEL NORTE,MKD,catalogo_exacto,5,13,326993.43
MACEDONIA,MACEDONIA DEL NORTE,MKD,catalogo_exacto,1,23,349439.88
MADAGASCAR,MADAGASCAR,MDG,catalogo_exacto,11,69,1023784.31
Madagascar,MADAGASCAR,MDG,catalogo_exacto,4,24,426929.85
MALASIA,MALASIA,MYS,catalogo_exacto,252,1904,329413316.46
MALAYSIA,MALASIA,MYS,catalogo_exacto,205,1454,235678744.56
Malasia,MALASIA,MYS,catalogo_exacto,174,2089,205640670.24
MALAWI,MALAWI,MWI,catalogo_exacto,1,1,454569.46
MALDIVAS,MALDIVAS,MDV,catalogo_exacto,10,101,111672.1
Maldivas,MALDIVAS,MDV,catalogo_exacto,2,9,49919.0
MALÍ,MALI,MLI,catalogo_exacto,4,53,1230384.32
Malí,MALI,MLI,catalogo_exacto,4,56,2332031.95
MALI,MALI,MLI,catalogo_exacto,3,34,524067.85
MALTA,MALTA,MLT,catalogo_exacto,18,34,345903.2
Malta,MALTA,MLT,catalogo_exacto,5,36,1149313.37
MARRUECOS,MARRUECOS,MAR,catalogo_exacto,64,297,317333556.06
Marruecos,MARRUECOS,MAR,catalogo_exacto,45,291,224914376.08
MARTINICA,MARTINICA,MTQ,catalogo_exacto,66,1668,11921835.92
Martinica,MARTINICA,MTQ,catalogo_exacto,43,792,5657367.5
MAURICIO,MAURICIO,MUS,catalogo_exacto,8,116,4256579.97
Mauricio,MAURICIO,MUS,catalogo_exacto,6,229,937536.7200000001
MAURITANIA,MAURITANIA,MRT,catalogo_exacto,8,34,937902.26
Mauritania,MAURITANIA,MRT,catalogo_exacto,1,1,4500.0
MÉXICO,MEXICO,MEX,catalogo_exacto,3322,118085,3237449477.64
MEXICO,MEXICO,MEX,catalogo_exacto,2900,86013,2335069122.24
México,MEXICO,MEX,catalogo_exacto,2850,97099,2380263796.88
Micronesia (Estados Federados de),MICRONESIA,FSM,catalogo_exacto,2,2,23015.46
República de Moldova,MOLDOVA,MDA,catalogo_exacto,32,295,1634848.17
MOLDOVA,MOLDOVA,MDA,catalogo_exacto,23,260,1188930.78
MOLDAVIA,MOLDOVA,MDA,catalogo_exacto,10,49,189131.7
MONACO,MONACO,MCO,catalogo_exacto,3,4,244552.44
MÓNACO,MONACO,MCO,catalogo_exacto,2,2,137973.0
Mónaco,MONACO,MCO,catalogo_exacto,1,8,13035.4
MONGOLIA,MONGOLIA,MNG,catalogo_exacto,3,11,348371.94
Mongolia,MONGOLIA,MNG,catalogo_exacto,1,9,17476.07
Montenegro,MONTENEGRO,MNE,catalogo_exacto,25,306,23238143.3
MONTENEGRO,MONTENEGRO,MNE,catalogo_exacto,16,261,4330554.33
MONTSERRAT,MONTSERRAT,MSR,catalogo_exacto,2,11,20055.73
MONTSERRAT ISLA,MONTSERRAT,MSR,catalogo_exacto,1,8,6768.93
Montserrat,MONTSERRAT,MSR,catalogo_exacto,1,32,11826.03
MOZAMBIQUE,MOZAMBIQUE,MOZ,catalogo_exacto,10,414,10438044.69
Mozambique,MOZAMBIQUE,MOZ,catalogo_exacto,9,67,2209201.31
MYANMAR,MYANMAR,MMR,catalogo_exacto,1,1,2000.0
NAMIBIA,NAMIBIA,NAM,catalogo_exacto,5,5,108562.14
Namibia,NAMIBIA,NAM,catalogo_exacto,5,8,130566.49
NEPAL,NEPAL,NPL,catalogo_exacto,1,3,46672.9
NICARAGUA,NICARAGUA,NIC,catalogo_exacto,904,15448,149897878.11
Nicaragua,NICARAGUA,NIC,catalogo_exacto,584,8707,102648369.18
NÍGER,NIGER,NER,catalogo_exacto,1,4,234324.3
NIGERIA,NIGERIA,NGA,catalogo_exacto,94,633,23628363.94
Nigeria,NIGERIA,NGA,catalogo_exacto,57,393,12175980.72
NORUEGA,NORUEGA,NOR,catalogo_exacto,104,1124,274389087.43
Noruega,NORUEGA,NOR,catalogo_exacto,79,546,122899511.52
NUEVA CALEDONIA,NUEVA CALEDONIA,NCL,catalogo_exacto,6,28,27111086.89
Nueva Caledonia,NUEVA CALEDONIA,NCL,catalogo_exacto,6,36,5517549.499999999
NUEVA ZELANDA,NUEVA ZELANDA,NZL,catalogo_exacto,146,1852,51794929.79
Nueva Zelandia,NUEVA ZELANDA,NZL,catalogo_exacto,101,974,36144064.0
Omán,OMAN,OMN,catalogo_exacto,71,229,3238263.83
OMÁN,OMAN,OMN,catalogo_exacto,69,293,3484490.67
OMAN,OMAN,OMN,catalogo_exacto,44,191,3997210.14
PAÍSES BAJOS,PAISES BAJOS,NLD,catalogo_exacto,1989,39388,2964075964.2
Países Bajos (Reino de los),PAISES BAJOS,NLD,catalogo_exacto,1971,40445,2103731162.06
PAISES BAJOS,PAISES BAJOS,NLD,catalogo_exacto,1709,26260,3304792658.72
PAKISTÁN,PAKISTAN,PAK,catalogo_exacto,28,81,2255027.57
PAKISTAN,PAKISTAN,PAK,catalogo_exacto,22,38,1711194.5
Pakistán,PAKISTAN,PAK,catalogo_exacto,21,58,2228900.16
PANAMÁ,PANAMA,PAN,catalogo_exacto,4245,99962,7505917751.160001
PANAMA,PANAMA,PAN,catalogo_exacto,3751,73984,5913685401.53
Panamá,PANAMA,PAN,catalogo_exacto,3543,87496,815960944.66
PAPÚA NUEVA GUINEA,PAPUA NUEVA GUINEA,PNG,catalogo_exacto,2,2,122931.0
PAPUASIA NUEVA GUINEA,PAPUA NUEVA GUINEA,PNG,catalogo_exacto,1,1,51275.0
Papua Nueva Guinea,PAPUA NUEVA GUINEA,PNG,catalogo_exacto,1,1,123018.04
PARAGUAY,PARAGUAY,PRY,catalogo_exacto,470,12448,109843513.9
Paraguay,PARAGUAY,PRY,catalogo_exacto,301,7033,49954843.9
PERÚ,PERU,PER,catalogo_exacto,3443,147894,1922053460.1
Perú,PERU,PER,catalogo_exacto,3137,137489,2309471108.8
PERU,PERU,PER,catalogo_exacto,3082,121060,1490808969.66
POLINESIA FRANCESA,POLINESIA FRANCESA,PYF,catalogo_exacto,3,36,62345.99000000001
Polinesia Francesa,POLINESIA FRANCESA,PYF,catalogo_exacto,3,8,65679.98999999999
POLONIA,POLONIA,POL,catalogo_exacto,562,9575,1701345133.55
Polonia,POLONIA,POL,catalogo_exacto,427,6427,327977538.85
PORTUGAL,PORTUGAL,PRT,catalogo_exacto,313,2434,85029706.99
Portugal,PORTUGAL,PRT,catalogo_exacto,179,1807,102672711.07
PUERTO RICO,PUERTO RICO,PRI,catalogo_exacto,1647,56038,1943281962.79
Puerto Rico,PUERTO RICO,PRI,catalogo_exacto,1071,27351,503432159.67
QATAR,QATAR,QAT,catalogo_exacto,212,3349,8208500.45
Qatar,QATAR,QAT,catalogo_exacto,170,1612,4421687.939999999
REINO UNIDO DE GRAN BRETAÑA E IRLANDA DEL NORTE,REINO UNIDO,GBR,catalogo_exacto,1088,24526,799279412.57
REINO UNIDO,REINO UNIDO,GBR,catalogo_exacto,914,18065,775413042.7
Reino Unido de Gran Bretaña e Irlanda del Norte,REINO UNIDO,GBR,catalogo_exacto,905,22433,897050704.5500001
República Centroafricana,REPUBLICA CENTROAFRICANA,CAF,catalogo_exacto,2,2,3461.95
REPUBLICA CENTROAFRICANA,REPUBLICA CENTROAFRICANA,CAF,catalogo_exacto,1,1,38874.0
República Democrática del Congo,REPUBLICA DEMOCRATICA DEL CONGO,COD,catalogo_exacto,15,47,2284346.92
REPÚBLICA DEMOCRÁTICA DEL CONGO,REPUBLICA DEMOCRATICA DEL CONGO,COD,catalogo_exacto,9,15,681205.85
REPUBDEMOCRATICA DEL CONGO,REPUBLICA DEMOCRATICA DEL CONGO,COD,catalogo_exacto,8,19,885723.37
REPÚBLICA DOMINICANA,REPUBLICA DOMINICANA,DOM,catalogo_exacto,2557,53459,1042375666.04
República Dominicana,REPUBLICA DOMINICANA,DOM,catalogo_exacto,2367,44337,841588055.07
REPUBLICA DOMINICANA,REPUBLICA DOMINICANA,DOM,catalogo_exacto,2084,41475,1081479975.0
REUNIÓN,REUNION,REU,catalogo_exacto,3,6,6945708.69
REUNION,REUNION,REU,catalogo_exacto,1,1,17608.0
Reunión,REUNION,REU,catalogo_exacto,1,9,7574.4
RUANDA,RUANDA,RWA,catalogo_exacto,3,3,78246.0
RUMANIA,RUMANIA,ROU,catalogo_exacto,164,2505,70582787.43
Rumania,RUMANIA,ROU,catalogo_exacto,76,1163,41254125.34
RUSIA,RUSIA,RUS,catalogo_exacto,764,7209,147820119.7
FEDERACIÓN DE RUSIA,RUSIA,RUS,catalogo_exacto,437,5028,113285312.63
Federación de Rusia,RUSIA,RUS,catalogo_exacto,325,2957,62954173.25
SAMOA AMERICANA,SAMOA AMERICANA,ASM,catalogo_exacto,1,1,61440.0
SAN CRISTÓBAL Y NIEVES,SAN CRISTOBAL Y NIEVES,KNA,catalogo_exacto,16,161,1472883.93
Saint Kitts y Nevis,SAN CRISTOBAL Y NIEVES,KNA,catalogo_exacto,16,238,803366.4199999999
SANCRISTOBAL Y NIEVES,SAN CRISTOBAL Y NIEVES,KNA,catalogo_exacto,13,152,858227.12
SAN MARINO,SAN MARINO,SMR,catalogo_exacto,1,7,10367.54
SAN VICENTE Y LAS GRANADINAS,SAN VICENTE Y LAS GRANADINAS,VCT,catalogo_exacto,35,510,5622767.45
San Vicente y las Granadinas,SAN VICENTE Y LAS GRANADINAS,VCT,catalogo_exacto,26,392,3001192.74
Santa Lucía,SANTA LUCIA,LCA,catalogo_exacto,55,843,4960450.96
SANTA LUCIA,SANTA LUCIA,LCA,catalogo_exacto,44,454,3421129.24
SANTA LUCÍA,SANTA LUCIA,LCA,catalogo_exacto,42,672,3992003.21
SENEGAL,SENEGAL,SEN,catalogo_exacto,25,65,8524574.75
Senegal,SENEGAL,SEN,catalogo_exacto,8,81,17379728.21
Serbia,SERBIA,SRB,catalogo_exacto,11,132,281467.99
SERBIA,SERBIA,SRB,catalogo_exacto,9,102,187071.93
SEYCHELLES,SEYCHELLES,SYC,catalogo_exacto,3,50,224505.99
SIERRA LEONA,SIERRA LEONA,SLE,catalogo_exacto,6,98,2543730.33
Sierra Leona,SIERRA LEONA,SLE,catalogo_exacto,1,46,420571.5
SINGAPUR,SINGAPUR,SGP,catalogo_exacto,248,2349,289339771.18
Singapur,SINGAPUR,SGP,catalogo_exacto,157,910,75012083.83
"SIRIA, REPÚBLICA ÁRABE DE",SIRIA,SYR,catalogo_exacto,5,11,622054.0
SIRIA REP ARABE DE,SIRIA,SYR,catalogo_exacto,2,5,696897.0
República Árabe Siria,SIRIA,SYR,catalogo_exacto,1,4,671361.96
SOMALIA,SOMALIA,SOM,catalogo_exacto,1,1,99900.0
Somalia,SOMALIA,SOM,catalogo_exacto,1,17,14800.0
SRI LANKA,SRI LANKA,LKA,catalogo_exacto,26,151,2196007.67
Sri Lanka,SRI LANKA,LKA,catalogo_exacto,14,46,823313.37
"SUDÁFRICA, REPÚBLICA DE",SUDAFRICA,ZAF,catalogo_exacto,115,861,85508638.28
SUDAFRICA REPUBLICA DE,SUDAFRICA,ZAF,catalogo_exacto,108,1239,132135495.87
Sudáfrica,SUDAFRICA,ZAF,catalogo_exacto,100,545,22866711.4
Sudán,SUDAN,SDN,catalogo_exacto,5,13,244787.51
SUDÁN,SUDAN,SDN,catalogo_exacto,3,3,125001.63
SUDAN,SUDAN,SDN,catalogo_exacto,1,3,51927.2
SUECIA,SUECIA,SWE,catalogo_exacto,152,1986,199231221.14
Suecia,SUECIA,SWE,catalogo_exacto,97,993,111176531.81
SUIZA,SUIZA,CHE,catalogo_exacto,375,5420,442201107.85
Suiza,SUIZA,CHE,catalogo_exacto,195,3612,472840878.45
SURINAME,SURINAME,SUR,catalogo_exacto,141,2034,19893590.96
Suriname,SURINAME,SUR,catalogo_exacto,129,1495,12294765.21
SURINAM,SURINAME,SUR,catalogo_exacto,104,1547,13622184.36
TAILANDIA,TAILANDIA,THA,catalogo_exacto,309,2084,105249588.28
Tailandia,TAILANDIA,THA,catalogo_exacto,170,730,52943094.0
TAIWÁN,TAIWAN,TWN,catalogo_exacto,242,1449,351638774.7499999
TAIWAN,TAIWAN,TWN,catalogo_exacto,235,1185,238684668.83
Taiwán,TAIWAN,TWN,catalogo_exacto,194,1159,440999210.66
"TANZANIA, REPÚBLICA UNIDA DE",TANZANIA,TZA,catalogo_exacto,18,76,1681543.89
TANZANIA REP UNIDA DE,TANZANIA,TZA,catalogo_exacto,12,50,992842.61
República Unida de Tanzanía,TANZANIA,TZA,catalogo_exacto,8,13,429765.62
Tayikistán,TAYIKISTAN,TJK,catalogo_exacto,5,12,134088.3
TAYIKISTÁN,TAYIKISTAN,TJK,catalogo_exacto,3,6,82909.01
TADJIKISTAN,TAYIKISTAN,TJK,catalogo_exacto,1,2,513.5
Territorio Británico del Océano Índico,TERRITORIO BRITANICO DEL OCEANO INDICO,IOT,catalogo_exacto,2,7,13256.0
T BRIT OCEANO INDICO,TERRITORIO BRITANICO DEL OCEANO INDICO,IOT,catalogo_exacto,1,1,11700.0
TERRITORIO BRITÁNICO DEL OCÉANO ÍNDICO,TERRITORIO BRITANICO DEL OCEANO INDICO,IOT,catalogo_exacto,1,8,6673.0
TIMOR ORIENTAL,TIMOR ORIENTAL,TLS,catalogo_exacto,1,1,21750.0
Togo,TOGO,TGO,catalogo_exacto,21,129,8292928.2
TOGO,TOGO,TGO,catalogo_exacto,19,92,4424124.51
TONGA,TONGA,TON,catalogo_exacto,2,6,108883.12
TRINIDAD Y TOBAGO,TRINIDAD Y TOBAGO,TTO,catalogo_exacto,637,10978,150513240.51
Trinidad y Tabago,TRINIDAD Y TOBAGO,TTO,catalogo_exacto,403,5680,74596128.51
Túnez,TUNEZ,TUN,catalogo_exacto,12,20,254151.83
TUNICIA,TUNEZ,TUN,catalogo_exacto,11,22,862514.3099999999
TÚNEZ,TUNEZ,TUN,catalogo_exacto,9,17,136007.55
TURKMENISTÁN,TURKMENISTAN,TKM,catalogo_exacto,1,3,29280.26
TURQUÍA,TURQUIA,TUR,catalogo_exacto,257,1441,1426010597.75
TURQUIA,TURQUIA,TUR,catalogo_exacto,250,1150,2488743239.48
Türkiye,TURQUIA,TUR,catalogo_exacto,237,1415,587749964.0999999
UCRANIA,UCRANIA,UKR,catalogo_exacto,107,1064,64158157.71
Ucrania,UCRANIA,UKR,catalogo_exacto,61,453,29249622.34
UGANDA,UGANDA,UGA,catalogo_exacto,22,64,4024601.81
Uganda,UGANDA,UGA,catalogo_exacto,7,16,151753.0
URUGUAY,URUGUAY,URY,catalogo_exacto,488,9867,101030945.07
Uruguay,URUGUAY,URY,catalogo_exacto,351,5998,128423296.41
Uzbekistán,UZBEKISTAN,UZB,catalogo_exacto,68,603,2556955.88
UZBEKISTÁN,UZBEKISTAN,UZB,catalogo_exacto,40,241,739571.25
UZBEKISTAN,UZBEKISTAN,UZB,catalogo_exacto,8,45,62298.37
VENEZUELA (REPÚBLICA BOLIVARIANA DE),VENEZUELA,VEN,catalogo_exacto,4021,102585,1440646406.66
Venezuela (República Bolivariana de),VENEZUELA,VEN,catalogo_exacto,3727,92716,1523006937.17
VENEZUELA,VENEZUELA,VEN,catalogo_exacto,2766,56190,868678551.19
VIET NAM,VIET NAM,VNM,catalogo_exacto,187,1029,71605522.89
Viet Nam,VIET NAM,VNM,catalogo_exacto,91,450,51756373.61
VIETNAM,VIET NAM,VNM,catalogo_exacto,33,62,5113757.76
YEMEN,YEMEN,YEM,catalogo_exacto,5,38,1207000.23
Yemen,YEMEN,YEM,catalogo_exacto,2,18,210105.47
ZAMBIA,ZAMBIA,ZMB,catalogo_exacto,8,11,528533.6
Zambia,ZAMBIA,ZMB,catalogo_exacto,1,3,8280.0
Zimbabwe,ZIMBABWE,ZWE,catalogo_exacto,9,64,14220551.25
ZIMBABWE,ZIMBABWE,ZWE,catalogo_exacto,4,16,337109.87
ZONA FRANCA,ZONA FRANCA (COLOMBIA),ZZF,zona_franca,45,841,86030940.11
ZFP Intexzona S.A,ZONA FRANCA (COLOMBIA),ZZF,zona_franca,20,1641,21126082.88
ZONA FRANCA PERMANENTE RIONEGRO S.A.,ZONA FRANCA (COLOMBIA),ZZF,zona_franca,20,3094,562943036.29
ZONA FRANCA DE RIONEGRO-MEDELLÍN,ZONA FRANCA (COLOMBIA),ZZF,zona_franca,19,2130,302521897.09
ZONA FRANCA PERMANENTE INTEXZONA S.A.,ZONA FRANCA (COLOMBIA),ZZF,zona_franca,19,712,9920375.35
ZFP de Rionegro S.A.,ZONA FRANCA (COLOMBIA),ZZF,zona_franca,18,7443,687539321.4
ZFP de Bogotá S.A.S.,ZONA FRANCA (COLOMBIA),ZZF,zona_franca,16,2167,23576220.39
ZONA FRANCA PERMANENTE BOGOTÁ,ZONA FRANCA (COLOMBIA),ZZF,zona_franca,13,517,13902038.89
ZONA FRANCA DE BOGOTÁ,ZONA FRANCA (COLOMBIA),ZZF,zona_franca,12,291,18124459.13
ZONA FRANCA PERMANENTE CANDELARIA,ZONA FRANCA (COLOMBIA),ZZF,zona_franca,12,1875,48646422.0
ZONA FRANCA PERMANENTE INTEXZONA,ZONA FRANCA (COLOMBIA),ZZF,zona_franca,12,182,11849778.48
ZFP La Cayena,ZONA FRANCA (COLOMBIA),ZZF,zona_franca,11,326,2345438.3
ZFP de Barranquilla S.A.,ZONA FRANCA (COLOMBIA),ZZF,zona_franca,11,911,365177530.52
ZFP de La Candelaria S.A.,ZONA FRANCA (COLOMBIA),ZZF,zona_franca,11,3491,69506766.7
ZONA FRANCA PERMANENTE BARRANQUILLA,ZONA FRANCA (COLOMBIA),ZZF,zona_franca,11,641,89568543.39
ZONA FRANCA DE BARRANQUILLA,ZONA FRANCA (COLOMBIA),ZZF,zona_franca,10,196,5057549.93
ZONA FRANCA PERMANENTE LA CAYENA,ZONA FRANCA (COLOMBIA),ZZF,zona_franca,9,171,1506325.42
ZONA FRANCA PERMANENTE INTERNACIONAL DEL VALLE DE ABURRÁ S.A.S. - ZOFIVA,ZONA FRANCA (COLOMBIA),ZZF,zona_franca,8,31,15360909.19
ZONA FRANCA PERMANENTE PACIFICO,ZONA FRANCA (COLOMBIA),ZZF,zona_franca,8,344,68636996.99000001
ZONA FRANCA DE CANDELARIA-CARTAGENA,ZONA FRANCA (COLOMBIA),ZZF,zona_franca,7,731,22221203.64
ZONA FRANCA PERMANENTE INTERNACIONAL DEL VALLE DE ABURRÁ - ZOFIVA,ZONA FRANCA (COLOMBIA),ZZF,zona_franca,7,94,26569463.13
ZFP del Pacífico,ZONA FRANCA (COLOMBIA),ZZF,zona_franca,6,1057,24969259.29
ZONA FRANCA DE PACIFICO CALI,ZONA FRANCA (COLOMBIA),ZZF,zona_franca,5,168,57269710.62
ZFP Palmaseca S.A.,ZONA FRANCA (COLOMBIA),ZZF,zona_franca,4,516,42986986.54
ZFP del Cauca - (CENCAUCA),ZONA FRANCA (COLOMBIA),ZZF,zona_franca,4,620,66283249.3
ZONA FRANCA PERMANENTE PALMASECA,ZONA FRANCA (COLOMBIA),ZZF,zona_franca,4,1406,274007865.42
ZFP Conjunto Industrial Parque Sur,ZONA FRANCA (COLOMBIA),ZZF,zona_franca,3,137,5786389.279999999
ZFP Parque Industrial Dexton S.A.S,ZONA FRANCA (COLOMBIA),ZZF,zona_franca,3,4544,59234682.38
ZONA FRANCA DE CARTAGENA,ZONA FRANCA (COLOMBIA),ZZF,zona_franca,3,10,115964.93
ZONA FRANCA DE PALMASECA CALI,ZONA FRANCA (COLOMBIA),ZZF,zona_franca,3,1160,156616010.06
ZONA FRANCA PERMANENTE INTERNACIONAL DE PEREIRA S.A.S.,ZONA FRANCA (COLOMBIA),ZZF,zona_franca,3,42,309851.8
ZONA FRANCA PERMANENTE OCCIDENTE S.A.S.,ZONA FRANCA (COLOMBIA),ZZF,zona_franca,3,18,3148441.6
ZONA FRANCA PERMANENTE PARQUE INDUSTRIAL DEXTÓN S.A.S.,ZONA FRANCA (COLOMBIA),ZZF,zona_franca,3,1573,20950513.89
ZFP Central Casanare S.A.S,ZONA FRANCA (COLOMBIA),ZZF,zona_franca,2,160,29761823.2
ZFP Internacional de Pereira S.A.S,ZONA FRANCA (COLOMBIA),ZZF,zona_franca,2,107,695773.13
ZFP Internacional del Atlántico - ZOFIA,ZONA FRANCA (COLOMBIA),ZZF,zona_franca,2,338,11701166.15
ZFP Parque Central S.A.S,ZONA FRANCA (COLOMBIA),ZZF,zona_franca,2,105,1725755.47
ZFP de Santa Marta S.A.S.,ZONA FRANCA (COLOMBIA),ZZF,zona_franca,2,14,382134.09
ZONA FRANCA PERMANENTE CARTAGENA,ZONA FRANCA (COLOMBIA),ZZF,zona_franca,2,13,136751.56
ZONA FRANCA PERMANENTE CONJUNTO INDUSTRIAL PARQUE SUR,ZONA FRANCA (COLOMBIA),ZZF,zona_franca,2,68,2304146.49
ZONA FRANCA PERMANENTE DE OCCIDENTE,ZONA FRANCA (COLOMBIA),ZZF,zona_franca,2,4,215084.22
ZONA FRANCA PERMANENTE INTERNACIONAL DEL ATLÁNTICO - ZOFIA,ZONA FRANCA (COLOMBIA),ZZF,zona_franca,2,16,744112.26
ZONA FRANCA PERMANENTE PARQUE CENTRAL S.A.S.,ZONA FRANCA (COLOMBIA),ZZF,zona_franca,2,19,73282.78
ZFP Gachancipá - (Zofrandina/Exxenta),ZONA FRANCA (COLOMBIA),ZZF,zona_franca,1,37,701817.55
"ZFP Internacional Valle de Aburrá S.A.S - ""ZOFIVA""",ZONA FRANCA (COLOMBIA),ZZF,zona_franca,1,1,58887.77
ZFP Palermo S.A.S,ZONA FRANCA (COLOMBIA),ZZF,zona_franca,1,602,5077986.47
ZFP Quindío Zona Franca S.A.,ZONA FRANCA (COLOMBIA),ZZF,zona_franca,1,4,3831.0
ZFP Tayrona S.A,ZONA FRANCA (COLOMBIA),ZZF,zona_franca,1,4,25879.7
ZFPE Bioenergy ZF S.A.S,ZONA FRANCA (COLOMBIA),ZZF,zona_franca,1,9,323705.8
"ZFPE Cementera del Magdalena Medio - ""ZOMAN""",ZONA FRANCA (COLOMBIA),ZZF,zona_franca,1,2,139029.33
ZFPE EMPRESA COLOMBIANA DE CEMENTOS S.A.S. ECOCEMENTOS S.A.S.,ZONA FRANCA (COLOMBIA),ZZF,zona_franca,1,14,5748380.03
"ZFPE Empresa Colombiana de Cementos S.A.S. - ""Ecocementos S.A.S""",ZONA FRANCA (COLOMBIA),ZZF,zona_franca,1,5,1946498.6
ZFPE FEMSA,ZONA FRANCA (COLOMBIA),ZZF,zona_franca,1,1,438.0
ZONA FRANCA DE PALERMO ATLÁNTICO,ZONA FRANCA (COLOMBIA),ZZF,zona_franca,1,1,37843.38
ZONA FRANCA DE STA MARTA,ZONA FRANCA (COLOMBIA),ZZF,zona_franca,1,4,663549.5
ZONA FRANCA DEL EJE CAFETERO,ZONA FRANCA (COLOMBIA),ZZF,zona_franca,1,15,16620.0
ZONA FRANCA PERMANENTE CENTRAL DEL CASANARE S.A.,ZONA FRANCA (COLOMBIA),ZZF,zona_franca,1,24,26034989.75
ZONA FRANCA PERMANENTE CENTRO LOGÍSTICO INDUSTRIAL DEL PACÍFICO - CLIP S.A.S.,ZONA FRANCA (COLOMBIA),ZZF,zona_franca,1,1,255208.05
ZONA FRANCA PERMANENTE CORPORACIÓN EMPRESARIAL DEL NORTE DEL CAUCA - CENCAUCA,ZONA FRANCA (COLOMBIA),ZZF,zona_franca,1,117,16030997.99
ZONA FRANCA PERMANENTE DE GACHANCIPA (ZOFRANDINA),ZONA FRANCA (COLOMBIA),ZZF,zona_franca,1,2,1772520.79
ZONA FRANCA PERMANENTE DE OCCIDENTE  ,ZONA FRANCA (COLOMBIA),ZZF,zona_franca,1,6,1231255.92
ZONA FRANCA PERMANENTE DE TOCANCIPA,ZONA FRANCA (COLOMBIA),ZZF,zona_franca,1,3,1357289.35
ZONA FRANCA PERMANENTE ESPECIAL  BIONERGY ,ZONA FRANCA (COLOMBIA),ZZF,zona_franca,1,1,29162.31
ZONA FRANCA PERMANENTE ESPECIAL ARGOS,ZONA FRANCA (COLOMBIA),ZZF,zona_franca,1,15,130664.19
ZONA FRANCA PERMANENTE ESPECIAL BIONERGY S.A.S.,ZONA FRANCA (COLOMBIA),ZZF,zona_franca,1,9,326688.41
ZONA FRANCA PERMANENTE ESPECIAL EMPRESA COLOMBIANA DE CEMENTOS S.A.S. - ECOCEMENTOS S.A.S.,ZONA FRANCA (COLOMBIA),ZZF,zona_franca,1,14,12283999.48
ZONA FRANCA PERMANENTE ESPECIAL GLOBANT,ZONA FRANCA (COLOMBIA),ZZF,zona_franca,1,2,7491914.94
ZONA FRANCA PERMANENTE ESPECIAL KCAG  ,ZONA FRANCA (COLOMBIA),ZZF,zona_franca,1,1,3.19
ZONA FRANCA PERMANENTE ESPECIAL SOCIEDAD PORTUARIA MARDIQUE S.A.,ZONA FRANCA (COLOMBIA),ZZF,zona_franca,1,1,289154.6
ZONA FRANCA PERMANENTE PALERMO Usuario Operador de Zona Franca S.A.S.,ZONA FRANCA (COLOMBIA),ZZF,zona_franca,1,14,101136.6
ZONA FRANCA PERMANENTE QUINDÍO O EJE CAFETERO,ZONA FRANCA (COLOMBIA),ZZF,zona_franca,1,6,8448.0
ZONA FRANCA PERMANENTE SANTA MARTA,ZONA FRANCA (COLOMBIA),ZZF,zona_franca,1,4,1721174.69
ZONA FRANCA PERMANENTE SURCOLOMBIANA S.A.S,ZONA FRANCA (COLOMBIA),ZZF,zona_franca,1,21,460513.35
ZONA FRANCA PERMANENTE TAYRONA S.A. ,ZONA FRANCA (COLOMBIA),ZZF,zona_franca,1,2,33211.52
ZONA FRANCA PERMANENTE TOCANCIPÁ,ZONA FRANCA (COLOMBIA),ZZF,zona_franca,1,3,1066023.47
ZONA FRANCA PERMENENTE ESPECIAL DE SERVICIOS SOCIEDAD PORTUARIA REGIONAL DE SANTA MARTA ,ZONA FRANCA (COLOMBIA),ZZF,zona_franca,1,1,166050.5
ZONA FRANCA SANTANDER ,ZONA FRANCA (COLOMBIA),ZZF,zona_franca,1,6,220836.75
