PAR_ID,REG_ID_A,REG_ID_B,MATCH_ESPERADO,CASO_TIPO,RAZON
1,1,2,True,C01,Misma entidad (mismo ID_GRUPO_ESPERADO)
2,1,3,True,C01,Misma entidad (mismo ID_GRUPO_ESPERADO)
3,2,3,True,C01,Misma entidad (mismo ID_GRUPO_ESPERADO)
4,4,5,True,C02,Misma entidad (mismo ID_GRUPO_ESPERADO)
5,4,6,True,C02,Misma entidad (mismo ID_GRUPO_ESPERADO)
6,4,7,True,C02,Misma entidad (mismo ID_GRUPO_ESPERADO)
7,5,6,True,C02,Misma entidad (mismo ID_GRUPO_ESPERADO)
8,5,7,True,C02,Misma entidad (mismo ID_GRUPO_ESPERADO)
9,6,7,True,C02,Misma entidad (mismo ID_GRUPO_ESPERADO)
10,8,9,True,C03,Misma entidad (mismo ID_GRUPO_ESPERADO)
11,8,10,True,C03,Misma entidad (mismo ID_GRUPO_ESPERADO)
12,8,11,True,C03,Misma entidad (mismo ID_GRUPO_ESPERADO)
13,9,10,True,C03,Misma entidad (mismo ID_GRUPO_ESPERADO)
14,9,11,True,C03,Misma entidad (mismo ID_GRUPO_ESPERADO)
15,10,11,True,C03,Misma entidad (mismo ID_GRUPO_ESPERADO)
16,12,13,True,C04,Misma entidad (mismo ID_GRUPO_ESPERADO)
17,12,14,True,C04,Misma entidad (mismo ID_GRUPO_ESPERADO)
18,13,14,True,C04,Misma entidad (mismo ID_GRUPO_ESPERADO)
19,15,16,True,C05,Misma entidad (mismo ID_GRUPO_ESPERADO)
20,15,17,True,C05,Misma entidad (mismo ID_GRUPO_ESPERADO)
21,16,17,True,C05,Misma entidad (mismo ID_GRUPO_ESPERADO)
22,18,19,True,C06,Misma entidad (mismo ID_GRUPO_ESPERADO)
23,20,21,True,C07,Misma entidad (mismo ID_GRUPO_ESPERADO)
24,22,23,True,C08,Misma entidad (mismo ID_GRUPO_ESPERADO)
25,24,25,True,C09,Misma entidad (mismo ID_GRUPO_ESPERADO)
26,26,27,True,C17,Misma entidad (mismo ID_GRUPO_ESPERADO)
27,26,28,True,C17,Misma entidad (mismo ID_GRUPO_ESPERADO)
28,27,28,True,C17,Misma entidad (mismo ID_GRUPO_ESPERADO)
29,29,30,True,C19,Misma entidad (mismo ID_GRUPO_ESPERADO)
30,31,32,True,C21,Misma entidad (mismo ID_GRUPO_ESPERADO)
31,33,34,True,MC01,Misma entidad (mismo ID_GRUPO_ESPERADO)
32,35,36,True,MC07,Misma entidad (mismo ID_GRUPO_ESPERADO)
33,43,44,True,C14,Misma entidad (mismo ID_GRUPO_ESPERADO)
34,58,59,True,C23,Misma entidad (mismo ID_GRUPO_ESPERADO)
35,60,61,True,C22,Misma entidad (mismo ID_GRUPO_ESPERADO)
36,60,62,True,C22,Misma entidad (mismo ID_GRUPO_ESPERADO)
37,60,63,True,C22,Misma entidad (mismo ID_GRUPO_ESPERADO)
38,60,64,True,C22,Misma entidad (mismo ID_GRUPO_ESPERADO)
39,60,65,True,C22,Misma entidad (mismo ID_GRUPO_ESPERADO)
40,60,66,True,C22,Misma entidad (mismo ID_GRUPO_ESPERADO)
41,60,67,True,C22,Misma entidad (mismo ID_GRUPO_ESPERADO)
42,61,62,True,C22,Misma entidad (mismo ID_GRUPO_ESPERADO)
43,61,63,True,C22,Misma entidad (mismo ID_GRUPO_ESPERADO)
44,61,64,True,C22,Misma entidad (mismo ID_GRUPO_ESPERADO)
45,61,65,True,C22,Misma entidad (mismo ID_GRUPO_ESPERADO)
46,61,66,True,C22,Misma entidad (mismo ID_GRUPO_ESPERADO)
47,61,67,True,C22,Misma entidad (mismo ID_GRUPO_ESPERADO)
48,62,63,True,C22,Misma entidad (mismo ID_GRUPO_ESPERADO)
49,62,64,True,C22,Misma entidad (mismo ID_GRUPO_ESPERADO)
50,62,65,True,C22,Misma entidad (mismo ID_GRUPO_ESPERADO)
51,62,66,True,C22,Misma entidad (mismo ID_GRUPO_ESPERADO)
52,62,67,True,C22,Misma entidad (mismo ID_GRUPO_ESPERADO)
53,63,64,True,C22,Misma entidad (mismo ID_GRUPO_ESPERADO)
54,63,65,True,C22,Misma entidad (mismo ID_GRUPO_ESPERADO)
55,63,66,True,C22,Misma entidad (mismo ID_GRUPO_ESPERADO)
56,63,67,True,C22,Misma entidad (mismo ID_GRUPO_ESPERADO)
57,64,65,True,C22,Misma entidad (mismo ID_GRUPO_ESPERADO)
58,64,66,True,C22,Misma entidad (mismo ID_GRUPO_ESPERADO)
59,64,67,True,C22,Misma entidad (mismo ID_GRUPO_ESPERADO)
60,65,66,True,C22,Misma entidad (mismo ID_GRUPO_ESPERADO)
61,65,67,True,C22,Misma entidad (mismo ID_GRUPO_ESPERADO)
62,66,67,True,C22,Misma entidad (mismo ID_GRUPO_ESPERADO)
63,1003,1004,True,GEN,Misma entidad (mismo ID_GRUPO_ESPERADO)
64,1008,1009,True,GEN,Misma entidad (mismo ID_GRUPO_ESPERADO)
65,1008,1010,True,GEN,Misma entidad (mismo ID_GRUPO_ESPERADO)
66,1009,1010,True,GEN,Misma entidad (mismo ID_GRUPO_ESPERADO)
67,1011,1012,True,GEN,Misma entidad (mismo ID_GRUPO_ESPERADO)
68,1011,1013,True,GEN,Misma entidad (mismo ID_GRUPO_ESPERADO)
69,1012,1013,True,GEN,Misma entidad (mismo ID_GRUPO_ESPERADO)
70,1014,1015,True,GEN,Misma entidad (mismo ID_GRUPO_ESPERADO)
71,1016,1017,True,GEN,Misma entidad (mismo ID_GRUPO_ESPERADO)
72,1016,1018,True,GEN,Misma entidad (mismo ID_GRUPO_ESPERADO)
73,1017,1018,True,GEN,Misma entidad (mismo ID_GRUPO_ESPERADO)
74,1020,1021,True,GEN,Misma entidad (mismo ID_GRUPO_ESPERADO)
75,1020,1022,True,GEN,Misma entidad (mismo ID_GRUPO_ESPERADO)
76,1020,1023,True,GEN,Misma entidad (mismo ID_GRUPO_ESPERADO)
77,1021,1022,True,GEN,Misma entidad (mismo ID_GRUPO_ESPERADO)
78,1021,1023,True,GEN,Misma entidad (mismo ID_GRUPO_ESPERADO)
79,1022,1023,True,GEN,Misma entidad (mismo ID_GRUPO_ESPERADO)
80,1024,1025,True,GEN,Misma entidad (mismo ID_GRUPO_ESPERADO)
81,1028,1029,True,GEN,Misma entidad (mismo ID_GRUPO_ESPERADO)
82,1030,1031,True,GEN,Misma entidad (mismo ID_GRUPO_ESPERADO)
83,1030,1032,True,GEN,Misma entidad (mismo ID_GRUPO_ESPERADO)
84,1031,1032,True,GEN,Misma entidad (mismo ID_GRUPO_ESPERADO)
85,1033,1034,True,GEN,Misma entidad (mismo ID_GRUPO_ESPERADO)
86,1035,1036,True,GEN,Misma entidad (mismo ID_GRUPO_ESPERADO)
87,1035,1037,True,GEN,Misma entidad (mismo ID_GRUPO_ESPERADO)
88,1035,1038,True,GEN,Misma entidad (mismo ID_GRUPO_ESPERADO)
89,1036,1037,True,GEN,Misma entidad (mismo ID_GRUPO_ESPERADO)
90,1036,1038,True,GEN,Misma entidad (mismo ID_GRUPO_ESPERADO)
91,1037,1038,True,GEN,Misma entidad (mismo ID_GRUPO_ESPERADO)
92,1043,1044,True,GEN,Misma entidad (mismo ID_GRUPO_ESPERADO)
93,1047,1048,True,GEN,Misma entidad (mismo ID_GRUPO_ESPERADO)
94,1049,1050,True,GEN,Misma entidad (mismo ID_GRUPO_ESPERADO)
95,1049,1051,True,GEN,Misma entidad (mismo ID_GRUPO_ESPERADO)
96,1050,1051,True,GEN,Misma entidad (mismo ID_GRUPO_ESPERADO)
97,1052,1053,True,GEN,Misma entidad (mismo ID_GRUPO_ESPERADO)
98,1054,1055,True,GEN,Misma entidad (mismo ID_GRUPO_ESPERADO)
99,1056,1057,True,GEN,Misma entidad (mismo ID_GRUPO_ESPERADO)
100,1058,1059,True,GEN,Misma entidad (mismo ID_GRUPO_ESPERADO)
101,1060,1061,True,GEN,Misma entidad (mismo ID_GRUPO_ESPERADO)
102,1064,1065,True,GEN,Misma entidad (mismo ID_GRUPO_ESPERADO)
103,1064,1066,True,GEN,Misma entidad (mismo ID_GRUPO_ESPERADO)
104,1065,1066,True,GEN,Misma entidad (mismo ID_GRUPO_ESPERADO)
105,1067,1068,True,GEN,Misma entidad (mismo ID_GRUPO_ESPERADO)
106,1067,1069,True,GEN,Misma entidad (mismo ID_GRUPO_ESPERADO)
107,1068,1069,True,GEN,Misma entidad (mismo ID_GRUPO_ESPERADO)
108,1070,1071,True,GEN,Misma entidad (mismo ID_GRUPO_ESPERADO)
109,1070,1072,True,GEN,Misma entidad (mismo ID_GRUPO_ESPERADO)
110,1071,1072,True,GEN,Misma entidad (mismo ID_GRUPO_ESPERADO)
111,1074,1075,True,GEN,Misma entidad (mismo ID_GRUPO_ESPERADO)
112,1074,1076,True,GEN,Misma entidad (mismo ID_GRUPO_ESPERADO)
113,1075,1076,True,GEN,Misma entidad (mismo ID_GRUPO_ESPERADO)
114,1078,1079,True,GEN,Misma entidad (mismo ID_GRUPO_ESPERADO)
115,1078,1080,True,GEN,Misma entidad (mismo ID_GRUPO_ESPERADO)
116,1078,1081,True,GEN,Misma entidad (mismo ID_GRUPO_ESPERADO)
117,1079,1080,True,GEN,Misma entidad (mismo ID_GRUPO_ESPERADO)
118,1079,1081,True,GEN,Misma entidad (mismo ID_GRUPO_ESPERADO)
119,1080,1081,True,GEN,Misma entidad (mismo ID_GRUPO_ESPERADO)
120,1082,1083,True,GEN,Misma entidad (mismo ID_GRUPO_ESPERADO)
121,1082,1084,True,GEN,Misma entidad (mismo ID_GRUPO_ESPERADO)
122,1083,1084,True,GEN,Misma entidad (mismo ID_GRUPO_ESPERADO)
123,1085,1086,True,GEN,Misma entidad (mismo ID_GRUPO_ESPERADO)
124,1085,1087,True,GEN,Misma entidad (mismo ID_GRUPO_ESPERADO)
125,1086,1087,True,GEN,Misma entidad (mismo ID_GRUPO_ESPERADO)
126,1088,1089,True,GEN,Misma entidad (mismo ID_GRUPO_ESPERADO)
127,1088,1090,True,GEN,Misma entidad (mismo ID_GRUPO_ESPERADO)
128,1088,1091,True,GEN,Misma entidad (mismo ID_GRUPO_ESPERADO)
129,1089,1090,True,GEN,Misma entidad (mismo ID_GRUPO_ESPERADO)
130,1089,1091,True,GEN,Misma entidad (mismo ID_GRUPO_ESPERADO)
131,1090,1091,True,GEN,Misma entidad (mismo ID_GRUPO_ESPERADO)
132,37,38,False,C11,Trampa: parecidos pero entidades DISTINTAS (no debe fusionar)
133,39,40,False,C12,Trampa: parecidos pero entidades DISTINTAS (no debe fusionar)
134,41,42,False,C13,Trampa: parecidos pero entidades DISTINTAS (no debe fusionar)
135,43,45,False,C14,Trampa: parecidos pero entidades DISTINTAS (no debe fusionar)
136,54,55,False,C15,Trampa: parecidos pero entidades DISTINTAS (no debe fusionar)
137,46,47,False,C18,Trampa: parecidos pero entidades DISTINTAS (no debe fusionar)
138,48,49,False,MC04,Trampa: parecidos pero entidades DISTINTAS (no debe fusionar)
139,50,51,False,MC05,Trampa: parecidos pero entidades DISTINTAS (no debe fusionar)
140,52,53,False,MC06,Trampa: parecidos pero entidades DISTINTAS (no debe fusionar)
