REG_ID,NIT,RAZON_SOCIAL,REPRESENTANTE_LEGAL,EMAIL,TELEFONO,DIRECCION,CIUDAD,DEPARTAMENTO,PAIS,LATITUD,LONGITUD,FECHA_CONSTITUCION,VENTAS_ANUALES_COP,EMPLEADOS,SECTOR,SRC,ES_TRUSTED,ID_GRUPO_ESPERADO,CASO_TIPO,NOTAS
1,9001234567,TEXTILES DEL PACIFICO SAS,CARLOS ANDRÉS RODRÍGUEZ,contacto@textilesdelpacifico.com,6014000137,CALLE 11 # 2 - 11,CALI,VALLE DEL CAUCA,COLOMBIA,3.4436,-76.536,2003-06-08,1700000000,28,TEXTIL Y CONFECCIÓN,RUES,True,1,C01,"Match exacto: mismo NIT, nombre y datos idénticos"
2,9001234567,TEXTILES DEL PACIFICO SAS,CARLOS ANDRÉS RODRÍGUEZ,contacto@textilesdelpacifico.com,6014000137,CALLE 11 # 2 - 11,CALI,VALLE DEL CAUCA,COLOMBIA,3.4436,-76.536,2003-06-08,1700000000,28,TEXTIL Y CONFECCIÓN,CRM,False,1,C01,"Match exacto: mismo NIT, nombre y datos idénticos"
3,9001234567,TEXTILES DEL PACIFICO SAS,CARLOS ANDRÉS RODRÍGUEZ,contacto@textilesdelpacifico.com,6014000137,CALLE 11 # 2 - 11,CALI,VALLE DEL CAUCA,COLOMBIA,3.4436,-76.536,2003-06-08,1700000000,28,TEXTIL Y CONFECCIÓN,EXPORTACIONES,False,1,C01,"Match exacto: mismo NIT, nombre y datos idénticos"
4,8004567894,AGROINDUSTRIAL MANUELITA SA,ANA LUCÍA MARTÍNEZ,contacto@agroindustrialmanuelita.com,6014000274,CALLE 12 # 3 - 12,CALI,VALLE DEL CAUCA,COLOMBIA,3.4476,-76.532,2006-11-15,2550000000,41,AGROINDUSTRIA,RUES,True,2,C02,Nombre canónico
5,8004567894,AGRO INDUSTRIAL MANUELITA SA,ANA LUCÍA MARTÍNEZ,contacto@agroindustrialmanuelita.com,6014000274,CALLE 12 # 3 - 12,CALI,VALLE DEL CAUCA,COLOMBIA,3.4476,-76.532,2006-11-15,2550000000,41,AGROINDUSTRIA,CRM,False,2,C02,Espacio insertado
6,8004567894,AGROINDUSTRIAL MANUELITA S.A.,ANA LUCÍA MARTÍNEZ,contacto@agroindustrialmanuelita.com,6014000274,CALLE 12 # 3 - 12,CALI,VALLE DEL CAUCA,COLOMBIA,3.4476,-76.532,2006-11-15,2550000000,41,AGROINDUSTRIA,EXPORTACIONES,False,2,C02,Puntuación en SA
7,8004567894,AGROINDUSTRAIL MANUELITA SA,ANA LUCÍA MARTÍNEZ,contacto@agroindustrialmanuelita.com,6014000274,CALLE 12 # 3 - 12,CALI,VALLE DEL CAUCA,COLOMBIA,3.4476,-76.532,2006-11-15,2550000000,41,AGROINDUSTRIA,CRM,False,2,C02,Typo transposición ai→ia
8,9012345671,CONFECCIONES ARCOIRIS SAS,JUAN PABLO HERRERA,contacto@confeccionesarcoiris.com,6014000411,CALLE 13 # 4 - 13,MEDELLÍN,ANTIOQUIA,COLOMBIA,6.2442,-75.5772,2009-04-22,3400000000,54,TEXTIL Y CONFECCIÓN,RUES,True,3,C03,Con SAS
9,9012345671,CONFECCIONES ARCOIRIS S.A.S.,JUAN PABLO HERRERA,contacto@confeccionesarcoiris.com,6014000411,CALLE 13 # 4 - 13,MEDELLÍN,ANTIOQUIA,COLOMBIA,6.2442,-75.5772,2009-04-22,3400000000,54,TEXTIL Y CONFECCIÓN,RUES,True,3,C03,Con S.A.S.
10,9012345671,CONFECCIONES ARCOIRIS SOCIEDAD POR ACCIONES SIMPLIFICADA,JUAN PABLO HERRERA,contacto@confeccionesarcoiris.com,6014000411,CALLE 13 # 4 - 13,MEDELLÍN,ANTIOQUIA,COLOMBIA,6.2442,-75.5772,2009-04-22,3400000000,54,TEXTIL Y CONFECCIÓN,EXPORTACIONES,False,3,C03,Nombre legal completo
11,9012345671,CONFECCIONES ARCOIRIS,JUAN PABLO HERRERA,contacto@confeccionesarcoiris.com,6014000411,CALLE 13 # 4 - 13,MEDELLÍN,ANTIOQUIA,COLOMBIA,6.2442,-75.5772,2009-04-22,3400000000,54,TEXTIL Y CONFECCIÓN,CRM,False,3,C03,Sin sufijo alguno
12,8607890128,INGENIERIA Y CONSTRUCCIONES DEL CARIBE LTDA,LAURA CAMILA VARGAS,contacto@ingenieriayconstruccione.com,6014000548,CALLE 14 # 5 - 14,BARRANQUILLA,ATLÁNTICO,COLOMBIA,10.9725,-74.7733,2012-09-02,4250000000,67,CONSTRUCCIÓN,RUES,True,4,C04,Nombre completo
13,8607890128,INGENIERIA Y CONSTRUCCIONES,LAURA CAMILA VARGAS,contacto@ingenieriayconstruccione.com,6014000548,CALLE 14 # 5 - 14,BARRANQUILLA,ATLÁNTICO,COLOMBIA,10.9725,-74.7733,2012-09-02,4250000000,67,CONSTRUCCIÓN,CRM,False,4,C04,Truncado sin geográfico ni sufijo
14,8607890128,ING Y CONST DEL CARIBE LTDA,LAURA CAMILA VARGAS,contacto@ingenieriayconstruccione.com,6014000548,CALLE 14 # 5 - 14,BARRANQUILLA,ATLÁNTICO,COLOMBIA,10.9725,-74.7733,2012-09-02,4250000000,67,CONSTRUCCIÓN,EXPORTACIONES,False,4,C04,Abreviado
15,9005556665,C.I. FLORES TROPICALES DE COLOMBIA SAS,DIEGO ALEJANDRO TORRES,contacto@florestropicalesdecolomb.com,6014000685,CALLE 15 # 6 - 15,BOGOTÁ,CUNDINAMARCA,COLOMBIA,4.719,-74.0801,2015-02-09,5100000000,80,FLORICULTURA,RUES,True,5,C05,Con C.I.
16,9005556665,FLORES TROPICALES DE COLOMBIA SAS,DIEGO ALEJANDRO TORRES,contacto@florestropicalesdecolomb.com,6014000685,CALLE 15 # 6 - 15,BOGOTÁ,CUNDINAMARCA,COLOMBIA,4.719,-74.0801,2015-02-09,5100000000,80,FLORICULTURA,CRM,False,5,C05,Sin C.I.
17,9005556665,COMERCIALIZADORA INTERNACIONAL FLORES TROPICALES DE COLOMBIA,DIEGO ALEJANDRO TORRES,contacto@florestropicalesdecolomb.com,6014000685,CALLE 15 # 6 - 15,BOGOTÁ,CUNDINAMARCA,COLOMBIA,4.719,-74.0801,2015-02-09,5100000000,80,FLORICULTURA,EXPORTACIONES,False,5,C05,C.I. expandido
18,8301112222,METALES DEL ORIENTE SAS,SOFÍA VALENTINA RUIZ,contacto@metalesdeloriente.com,6014000822,CALLE 16 # 7 - 16,BUCARAMANGA,SANTANDER,COLOMBIA,7.1313,-73.1267,2018-07-16,5950000000,93,MANUFACTURA,RUES,True,6,C06,Nombre limpio
19,8301112222,METALES DEL ORIENTE SAS EN LIQUIDACION,SOFÍA VALENTINA RUIZ,contacto@metalesdeloriente.com,6014000822,CALLE 16 # 7 - 16,BUCARAMANGA,SANTANDER,COLOMBIA,7.1313,-73.1267,2018-07-16,5950000000,93,MANUFACTURA,SUPERSOCIEDADES,True,6,C06,Con estado 'EN LIQUIDACION'
20,9007778889,GRUPO EMPRESARIAL DELTA SAS,ANDRÉS FELIPE MORENO,contacto@grupoempresarialdelta.com,6014000959,CALLE 17 # 8 - 17,BOGOTÁ,CUNDINAMARCA,COLOMBIA,4.699,-74.0721,2021-12-23,6800000000,106,SERVICIOS,RUES,True,7,C07,Orden canónico
21,9007778889,DELTA GRUPO EMPRESARIAL SAS,ANDRÉS FELIPE MORENO,contacto@grupoempresarialdelta.com,6014000959,CALLE 17 # 8 - 17,BOGOTÁ,CUNDINAMARCA,COLOMBIA,4.699,-74.0721,2021-12-23,6800000000,106,SERVICIOS,CRM,False,7,C07,Palabras en distinto orden
22,901.888.999-6,LOGISTICA GLOBAL ANDINA SAS,PAULA ANDREA CASTRO,contacto@logisticaglobalandina.com,6014001096,CALLE 18 # 9 - 18,MEDELLÍN,ANTIOQUIA,COLOMBIA,6.2362,-75.5772,2000-05-03,7650000000,119,LOGÍSTICA,RUES,True,8,C08,NIT con puntos y guion: 901.888.999-3
23,9018889996,LOGISTICA GLOBAL ANDINA SAS,PAULA ANDREA CASTRO,contacto@logisticaglobalandina.com,6014001096,CALLE 18 # 9 - 18,MEDELLÍN,ANTIOQUIA,COLOMBIA,6.2362,-75.5772,2000-05-03,7650000000,119,LOGÍSTICA,CRM,False,8,C08,NIT limpio: 9018889993
24,9002223333,DISTRIBUCIONES DEL PACIFICO SAS,SANTIAGO JOSÉ MENDOZA,contacto@distribucionesdelpacific.com,6014001233,CALLE 19 # 10 - 19,CALI,VALLE DEL CAUCA,COLOMBIA,3.4476,-76.524,2003-10-10,8500000000,132,COMERCIO,CRM,False,9,C09,NIT capturado con un dígito errado respecto a la otra fuente
25,9003223333,DISTRIBUCIONES DEL PACIFICO SAS,SANTIAGO JOSÉ MENDOZA,contacto@distribucionesdelpacific.com,6014001233,CALLE 19 # 10 - 19,CALI,VALLE DEL CAUCA,COLOMBIA,3.4476,-76.524,2003-10-10,8500000000,132,COMERCIO,EXPORTACIONES,False,9,C09,NIT difiere en 1 dígito; nombre idéntico → mismo ente
26,8003334449,MUÑOZ Y COMPAÑIA SAS,ANDRÉS FELIPE MORENO,contacto@munozycompania.com,6014002329,CALLE 27 # 18 - 27,MANIZALES,CALDAS,COLOMBIA,5.0703,-75.5138,2003-02-12,15300000000,236,ALIMENTOS Y BEBIDAS,RUES,True,10,C17,Con Ñ correcta
27,8003334449,MUNOZ Y COMPANIA SAS,ANDRÉS FELIPE MORENO,contacto@munozycompania.com,6014002329,CALLE 27 # 18 - 27,MANIZALES,CALDAS,COLOMBIA,5.0703,-75.5138,2003-02-12,15300000000,236,ALIMENTOS Y BEBIDAS,CRM,False,10,C17,Ñ→N (sin tilde/eñe)
28,8003334449,MUÑOZ Y CIA SAS,ANDRÉS FELIPE MORENO,contacto@munozycompania.com,6014002329,CALLE 27 # 18 - 27,MANIZALES,CALDAS,COLOMBIA,5.0703,-75.5138,2003-02-12,15300000000,236,ALIMENTOS Y BEBIDAS,EXPORTACIONES,False,10,C17,COMPAÑIA→CIA abreviado con Ñ
29,9004445553,COMERCIALIZADORA INTERNACIONAL DE PRODUCTOS AGRICOLAS DEL VALLE SAS,SANTIAGO JOSÉ MENDOZA,contacto@comercializadorainternac.com,6014002603,CALLE 29 # 20 - 29,CALI,VALLE DEL CAUCA,COLOMBIA,3.4596,-76.524,2009-12-26,17000000000,262,AGROINDUSTRIA,RUES,True,11,C19,Nombre extenso completo
30,9004445553,C.I. PRODUCTOS AGRICOLAS DEL VALLE,SANTIAGO JOSÉ MENDOZA,contacto@comercializadorainternac.com,6014002603,CALLE 29 # 20 - 29,CALI,VALLE DEL CAUCA,COLOMBIA,3.4596,-76.524,2009-12-26,17000000000,262,AGROINDUSTRIA,CRM,False,11,C19,Versión corta comercial
31,8909001007,ALIMENTOS NUTRESA REGIONAL SAS,CARLOS ANDRÉS RODRÍGUEZ,contacto@alimentosnutresaregional.com,6014002877,CALLE 31 # 22 - 31,MEDELLÍN,ANTIOQUIA,COLOMBIA,6.2322,-75.5852,2015-10-13,18700000000,288,ALIMENTOS Y BEBIDAS,RUES,True,12,C21,NIT histórico
32,8909002005,ALIMENTOS NUTRESA REGIONAL SAS,CARLOS ANDRÉS RODRÍGUEZ,contacto@alimentosnutresaregional.com,6014002877,CALLE 31 # 22 - 31,MEDELLÍN,ANTIOQUIA,COLOMBIA,6.2322,-75.5852,2015-10-13,18700000000,288,ALIMENTOS Y BEBIDAS,SUPERSOCIEDADES,True,12,C21,NIT nuevo tras reestructuración; misma entidad (nombre+email+tel iguales)
33,,SOLUCIONES TECNOLOGICAS APLICADAS SAS,CARLOS ANDRÉS RODRÍGUEZ,contacto@solucionestecnologicasap.com,6014004247,CALLE 41 # 32 - 41,BOGOTÁ,CUNDINAMARCA,COLOMBIA,4.711,-74.0761,2021-12-02,27200000000,418,TECNOLOGÍA,CRM,False,13,MC01,Sin NIT; email+teléfono idénticos a la otra fila
34,SIN DATO,SOLUCIONES TEC APLICADAS,CARLOS ANDRÉS RODRÍGUEZ,contacto@solucionestecnologicasap.com,6014004247,CALLE 41 # 32 - 41,BOGOTÁ,CUNDINAMARCA,COLOMBIA,4.711,-74.0761,2021-12-02,27200000000,418,TECNOLOGÍA,EXPORTACIONES,False,13,MC01,NIT='SIN DATO' (placeholder); mismo email+teléfono → mismo ente
35,9002020204,MANUFACTURAS ACME SAS,ANA LUCÍA MARTÍNEZ,contacto@manufacturasacme.com,6014004384,CALLE 42 # 33 - 42,BOGOTÁ,CUNDINAMARCA,COLOMBIA,4.715,-74.0721,2000-05-09,28050000000,431,MANUFACTURA,RUES,True,14,MC07,Sede principal (norte de Bogotá)
36,9002020204,MANUFACTURAS ACME SAS,ANA LUCÍA MARTÍNEZ,contacto@manufacturasacme.com,6014004384,CARRERA 30 # 12 - 45,BOGOTÁ,CUNDINAMARCA,COLOMBIA,4.768899,-74.018201,2000-05-09,28050000000,431,MANUFACTURA,CRM,False,14,MC07,Sede sur; geo a ~6 km pero mismo NIT → misma empresa
37,9006661117,CONSTRUCTORA ANDINA SAS,CARLOS ANDRÉS RODRÍGUEZ,contacto@constructoraandina.com,6014005617,CALLE 51 # 42 - 51,BOGOTÁ,CUNDINAMARCA,COLOMBIA,4.723,-74.0761,2003-02-18,35700000000,48,CONSTRUCCIÓN,RUES,True,15,C11,Homónimo A (Bogotá); NIT y ciudad distintos del B
38,9019992224,CONSTRUCTORA ANDINA SAS,ANA LUCÍA MARTÍNEZ,contacto@constructoraandina.com,6014005754,CALLE 52 # 43 - 52,MEDELLÍN,ANTIOQUIA,COLOMBIA,6.2322,-75.5812,2006-07-25,36550000000,61,CONSTRUCCIÓN,RUES,True,16,C11,Homónimo B (Medellín); NO debe fusionar con A
39,9001239994,PANADERIA LA ESPIGA SAS,JUAN PABLO HERRERA,contacto@panaderialaespiga.com,6014005891,CALLE 53 # 44 - 53,BOGOTÁ,CUNDINAMARCA,COLOMBIA,4.703,-74.0681,2009-12-05,37400000000,74,ALIMENTOS Y BEBIDAS,CRM,False,17,C12,Mismo NIT que el otro registro pero giro/nombre totalmente distinto
40,9001239994,TRANSPORTES VELOZ NACIONAL SAS,LAURA CAMILA VARGAS,contacto@transportesveloznacional.com,6014006028,CALLE 54 # 45 - 54,CALI,VALLE DEL CAUCA,COLOMBIA,3.4476,-76.524,2012-05-12,38250000000,87,LOGÍSTICA,EXPORTACIONES,False,18,C12,Reasignación de NIT o error de captura; GT: entidad DISTINTA
41,9008887775,MARTINEZ Y ASOCIADOS SAS,DIEGO ALEJANDRO TORRES,contacto@martinezyasociados.com,6014006165,CALLE 55 # 46 - 55,BOGOTÁ,CUNDINAMARCA,COLOMBIA,4.711,-74.0801,2015-10-19,39100000000,100,SERVICIOS,RUES,True,19,C13,Empresa
42,52123456,ANA LUCIA MARTINEZ,ANA LUCIA MARTINEZ,contacto@martinez.com,6014006302,CALLE 56 # 47 - 56,BOGOTÁ,CUNDINAMARCA,COLOMBIA,4.715,-74.0761,2018-03-26,39950000000,113,SERVICIOS,CRM,False,20,C13,"Persona natural (cédula, no NIT); NO es la empresa"
43,9003331119,COMERCIAL ANDINA SAS,ANDRÉS FELIPE MORENO,contacto@comercialandina.com,6014006439,CALLE 57 # 48 - 57,BOGOTÁ,CUNDINAMARCA,COLOMBIA,4.719,-74.0721,2021-08-06,40800000000,126,COMERCIO,RUES,True,21,C14,Eslabón A: mismo NIT que B
44,9003331119,COMERCIAL ANDINA S.A.S.,ANDRÉS FELIPE MORENO,contacto@comercialandina.com,6014006439,CALLE 57 # 48 - 57,BOGOTÁ,CUNDINAMARCA,COLOMBIA,4.719,-74.0721,2021-08-06,40800000000,126,COMERCIO,CRM,False,21,C14,Eslabón B: mismo NIT que A → fusiona con A
45,9003339996,COMERCIAL ANDINA DEL SUR SAS,PAULA ANDREA CASTRO,contacto@comercialandinadelsur.com,6014006576,CALLE 58 # 49 - 58,CALI,VALLE DEL CAUCA,COLOMBIA,3.4636,-76.528,2000-01-13,41650000000,139,COMERCIO,EXPORTACIONES,False,22,C14,Eslabón C: nombre parecido a B pero NIT distinto; el veto debe evitar A~C~B
46,9001012023,GRUPO SA,SANTIAGO JOSÉ MENDOZA,contacto@gruposa.com,6014006713,CALLE 59 # 50 - 59,BOGOTÁ,CUNDINAMARCA,COLOMBIA,4.699,-74.0641,2003-06-20,42500000000,152,SERVICIOS,RUES,True,23,C18,"Nombre de 2 tokens, uno es sufijo"
47,9003034040,GRUPO GO,MARÍA FERNANDA GÓMEZ,contacto@grupogo.com,6014006850,CALLE 60 # 1 - 60,MEDELLÍN,ANTIOQUIA,COLOMBIA,6.2362,-75.5892,2006-11-27,43350000000,165,SERVICIOS,RUES,True,24,C18,Nombre corto distinto; NO fusiona
48,9007078017,ASESORIAS CONTABLES DEL NORTE SAS,CARLOS ANDRÉS RODRÍGUEZ,negocios.bga@gmail.com,6014006987,CALLE 61 # 2 - 61,BUCARAMANGA,SANTANDER,COLOMBIA,7.1153,-73.1267,2009-04-07,44200000000,178,SERVICIOS,CRM,False,25,MC04,Email en gmail compartido (dominio genérico)
49,9009098014,PAPELERIA Y SUMINISTROS EL LAPIZ SAS,ANA LUCÍA MARTÍNEZ,negocios.bga@gmail.com,6014007124,CALLE 62 # 3 - 62,BUCARAMANGA,SANTANDER,COLOMBIA,7.1193,-73.1227,2012-09-14,45050000000,191,COMERCIO,CRM,False,26,MC04,Mismo dominio gmail que A pero entidad DISTINTA (NIT y nombre distintos)
50,9001113331,SEGUROS DEL CARIBE SAS,JUAN PABLO HERRERA,contacto@segurosdelcaribe.com,6015551000,CALLE 63 # 4 - 63,BARRANQUILLA,ATLÁNTICO,COLOMBIA,10.9725,-74.7773,2015-02-21,45900000000,204,SERVICIOS,CRM,False,27,MC05,Teléfono de call center tercerizado (compartido)
51,9002224448,INMOBILIARIA COSTA AZUL SAS,LAURA CAMILA VARGAS,contacto@inmobiliariacostaazul.com,6015551000,CALLE 64 # 5 - 64,CARTAGENA,BOLÍVAR,COLOMBIA,10.399,-75.4714,2018-07-01,46750000000,217,SERVICIOS,CRM,False,28,MC05,Mismo teléfono call center que A; entidad DISTINTA
52,9005557775,CONSULTORES FINANCIEROS TORRE A SAS,DIEGO ALEJANDRO TORRES,contacto@consultoresfinancierosto.com,6014007535,CALLE 100 # 8 - 60 OF 501,BOGOTÁ,CUNDINAMARCA,COLOMBIA,4.671,-74.048,2021-12-08,47600000000,230,SERVICIOS,RUES,True,29,MC06,Ubicada en un edificio de oficinas (geo idéntica a B)
53,9006668882,ARQUITECTOS URBANOS TORRE A SAS,SOFÍA VALENTINA RUIZ,contacto@arquitectosurbanostorrea.com,6014007672,CALLE 100 # 8 - 60 OF 802,BOGOTÁ,CUNDINAMARCA,COLOMBIA,4.671,-74.048,2000-05-15,48450000000,243,SERVICIOS,RUES,True,30,MC06,Mismo edificio que A (geo idéntica); entidad DISTINTA
54,9008181919,INVERSIONES SANTANDER SAS,ANDRÉS FELIPE MORENO,contacto@inversionessantander.com,6014007809,CALLE 67 # 8 - 67,BUCARAMANGA,SANTANDER,COLOMBIA,7.1113,-73.1227,2003-10-22,49300000000,256,SERVICIOS,RUES,True,31,C15,RUES es fuente confiable: un registro por entidad
55,9008282926,INVERSIONES SANTANDER DEL SUR SAS,PAULA ANDREA CASTRO,contacto@inversionessantanderdels.com,6014007946,CALLE 68 # 9 - 68,BUCARAMANGA,SANTANDER,COLOMBIA,7.1153,-73.1187,2006-03-02,50150000000,269,SERVICIOS,RUES,True,32,C15,Otro registro RUES; entidad DISTINTA aunque nombre parecido
56,,EMPRESA SAS,MARÍA FERNANDA GÓMEZ,,,,BOGOTÁ,CUNDINAMARCA,COLOMBIA,,,2012-01-16,51850000000,295,SERVICIOS,CRM,False,33,C20,NIT vacío y nombre genérico; sin señales suficientes → no fusiona
57,9004344457,DE LA Y SAS,CARLOS ANDRÉS RODRÍGUEZ,contacto@delay.com,6014008357,CALLE 71 # 12 - 71,BOGOTÁ,CUNDINAMARCA,COLOMBIA,4.719,-74.0761,2015-06-23,52700000000,308,COMERCIO,RUES,True,34,C24,Nombre cuyo núcleo son stopwords; la limpieza agresiva lo vaciaría
58,9005455564,PROYECTOS Y DISEÑOS URBANOS SAS,ANA LUCÍA MARTÍNEZ,contacto@proyectosydisenosurbanos.com,6014008494,CALLE 72 # 13 - 72,MEDELLÍN,ANTIOQUIA,COLOMBIA,6.2562,-75.5812,2018-11-03,53550000000,321,CONSTRUCCIÓN,RUES,True,35,C23,Ancla del par frontera
59,,PROYECTOS URBANOS,ANA LUCÍA MARTÍNEZ,,+57 6014008494,CALLE 72 # 13 - 72,MEDELLÍN,ANTIOQUIA,COLOMBIA,6.2562,-75.5812,2018-11-03,53550000000,321,CONSTRUCCIÓN,CRM,False,35,C23,Nombre parcial + NIT faltante; score cercano al umbral (caso límite)
60,8609998880,BANCO NACIONAL DE COMERCIO SA,MARÍA FERNANDA GÓMEZ,contacto@banconacionaldecomercio.com,6014009590,CALLE 80 # 21 - 80,BOGOTÁ,CUNDINAMARCA,COLOMBIA,4.699,-74.0801,2018-03-05,60350000000,425,SERVICIOS,RUES,True,36,C22,Entidad grande con muchas variantes (test de tamaño de grupo)
61,8609998880,BANCO NACIONAL DE COMERCIO S.A.,MARÍA FERNANDA GÓMEZ,contacto@banconacionaldecomercio.com,6014009590,CALLE 80 # 21 - 80,BOGOTÁ,CUNDINAMARCA,COLOMBIA,4.699,-74.0801,2018-03-05,60350000000,425,SERVICIOS,SUPERSOCIEDADES,True,36,C22,Entidad grande con muchas variantes (test de tamaño de grupo)
62,8609998880,BANCO NACIONAL DE COMERCIO,MARÍA FERNANDA GÓMEZ,contacto@banconacionaldecomercio.com,6014009590,CALLE 80 # 21 - 80,BOGOTÁ,CUNDINAMARCA,COLOMBIA,4.699,-74.0801,2018-03-05,60350000000,425,SERVICIOS,CRM,False,36,C22,Entidad grande con muchas variantes (test de tamaño de grupo)
63,8609998880,BCO NACIONAL DE COMERCIO SA,MARÍA FERNANDA GÓMEZ,contacto@banconacionaldecomercio.com,6014009590,CALLE 80 # 21 - 80,BOGOTÁ,CUNDINAMARCA,COLOMBIA,4.699,-74.0801,2018-03-05,60350000000,425,SERVICIOS,CRM,False,36,C22,Entidad grande con muchas variantes (test de tamaño de grupo)
64,8609998880,BANCO NACIONAL COMERCIO SA,MARÍA FERNANDA GÓMEZ,contacto@banconacionaldecomercio.com,6014009590,CALLE 80 # 21 - 80,BOGOTÁ,CUNDINAMARCA,COLOMBIA,4.699,-74.0801,2018-03-05,60350000000,425,SERVICIOS,EXPORTACIONES,False,36,C22,Entidad grande con muchas variantes (test de tamaño de grupo)
65,8609998880,BANCO NAL DE COMERCIO SA,MARÍA FERNANDA GÓMEZ,contacto@banconacionaldecomercio.com,6014009590,CALLE 80 # 21 - 80,BOGOTÁ,CUNDINAMARCA,COLOMBIA,4.699,-74.0801,2018-03-05,60350000000,425,SERVICIOS,CRM,False,36,C22,Entidad grande con muchas variantes (test de tamaño de grupo)
66,8609998880,BANCO NACIONAL DE COMERCIO SA EN REESTRUCTURACION,MARÍA FERNANDA GÓMEZ,contacto@banconacionaldecomercio.com,6014009590,CALLE 80 # 21 - 80,BOGOTÁ,CUNDINAMARCA,COLOMBIA,4.699,-74.0801,2018-03-05,60350000000,425,SERVICIOS,SUPERSOCIEDADES,True,36,C22,Entidad grande con muchas variantes (test de tamaño de grupo)
67,8609998880,BANCO NACIONAL DE COMERCIO SOCIEDAD ANONIMA,MARÍA FERNANDA GÓMEZ,contacto@banconacionaldecomercio.com,6014009590,CALLE 80 # 21 - 80,BOGOTÁ,CUNDINAMARCA,COLOMBIA,4.699,-74.0801,2018-03-05,60350000000,425,SERVICIOS,RUES,True,36,C22,Entidad grande con muchas variantes (test de tamaño de grupo)
68,9000100110,SERVICIOS INTEGRALES DEL SUR SAS,MARÍA FERNANDA GÓMEZ,contacto@serviciosintegralesdelsu.com,6014010960,CALLE 90 # 31 - 10,PEREIRA,RISARALDA,COLOMBIA,4.8087,-75.6986,2000-05-21,68850000000,55,SERVICIOS,CRM,False,37,C25,Empresa única sin duplicado
69,9010200217,TECNOLOGIA E INNOVACION DIGITAL SAS,CARLOS ANDRÉS RODRÍGUEZ,contacto@tecnologiaeinnovaciondig.com,6014011097,CALLE 91 # 32 - 11,BOGOTÁ,CUNDINAMARCA,COLOMBIA,4.715,-74.0761,2003-10-01,69700000000,68,TECNOLOGÍA,CRM,False,38,C25,Empresa única sin duplicado
70,8000300314,AGROPECUARIA SANTA HELENA SAS,ANA LUCÍA MARTÍNEZ,contacto@agropecuariasantahelena.com,6014011234,CALLE 92 # 33 - 12,MANIZALES,CALDAS,COLOMBIA,5.0783,-75.5138,2006-03-08,70550000000,81,AGROINDUSTRIA,RUES,True,39,C25,Empresa única sin duplicado
71,9000400411,TRANSPORTES RAPIDOS UNIDOS SAS,JUAN PABLO HERRERA,contacto@transportesrapidosunidos.com,6014011371,CALLE 93 # 34 - 13,CALI,VALLE DEL CAUCA,COLOMBIA,3.4636,-76.528,2009-08-15,71400000000,94,LOGÍSTICA,RUES,True,40,C25,Empresa única sin duplicado
72,8300500518,EDITORIAL LETRAS DORADAS SAS,LAURA CAMILA VARGAS,contacto@editorialletrasdoradas.com,6014011508,CALLE 94 # 35 - 14,MEDELLÍN,ANTIOQUIA,COLOMBIA,6.2322,-75.5732,2012-01-22,72250000000,107,SERVICIOS,SUPERSOCIEDADES,True,41,C25,Empresa única sin duplicado
73,9000600615,PLASTICOS Y EMPAQUES MODERNOS SAS,DIEGO ALEJANDRO TORRES,contacto@plasticosyempaquesmodern.com,6014011645,CALLE 95 # 36 - 15,BARRANQUILLA,ATLÁNTICO,COLOMBIA,10.9605,-74.7893,2015-06-02,73100000000,120,MANUFACTURA,RUES,True,42,C25,Empresa única sin duplicado
74,9010700712,CLINICA VISION TOTAL SAS,SOFÍA VALENTINA RUIZ,contacto@clinicavisiontotal.com,6014011782,CALLE 96 # 37 - 16,BUCARAMANGA,SANTANDER,COLOMBIA,7.1153,-73.1267,2018-11-09,73950000000,133,SERVICIOS,RUES,True,43,C25,Empresa única sin duplicado
75,8000800819,ALIMENTOS CONGELADOS DEL TROPICO SAS,ANDRÉS FELIPE MORENO,contacto@alimentoscongeladosdeltr.com,6014011919,CALLE 97 # 38 - 17,CARTAGENA,BOLÍVAR,COLOMBIA,10.391,-75.4794,2021-04-16,74800000000,146,ALIMENTOS Y BEBIDAS,RUES,True,44,C25,Empresa única sin duplicado
1001,9000000000,EXPORTADORA RODRIGUEZ ANDINA SAS,MARÍA FERNANDA GÓMEZ,contacto@exportadorarodriguezandi.com,6014027400,CALLE 30 # 1 - 50,CARTAGENA,BOLÍVAR,COLOMBIA,10.395,-75.4874,2000-05-24,170850000000,115,SERVICIOS,RUES,False,1001,GEN,Generado · Original (limpio)
1002,9000012377,EXPORTADORA QUINTERO DEL CARIBE SAS,CARLOS ANDRÉS RODRÍGUEZ,contacto@exportadoraquinterodelca.com,6014027537,CALLE 31 # 2 - 51,PEREIRA,RISARALDA,COLOMBIA,4.8167,-75.6946,2003-10-04,171700000000,128,TEXTIL Y CONFECCIÓN,CRM,False,1002,GEN,Generado · Original (limpio)
1003,9000024744,MANUFACTURAS FLOREZ ANDINA SAS,ANA LUCÍA MARTÍNEZ,contacto@manufacturasflorezandina.com,6014027674,CALLE 32 # 3 - 52,BARRANQUILLA,ATLÁNTICO,COLOMBIA,10.9805,-74.7813,2006-03-11,172550000000,141,COMERCIO,SUPERSOCIEDADES,False,1003,GEN,Generado · Original (limpio)
1004,9000024744,MANUFACTURAS FLOREZ,ANA LUCÍA MARTÍNEZ,,6014027674,CALLE 32 # 3 - 52,BARRANQUILLA,ATLÁNTICO,COLOMBIA,10.9805,-74.7813,2006-03-11,176001000000,141,COMERCIO,CRM,False,1003,GEN,Generado · Nombre truncado
1005,9000037111,MANUFACTURAS GONZALEZ DEL CARIBE SAS,JUAN PABLO HERRERA,contacto@manufacturasgonzalezdelc.com,6014027811,CALLE 33 # 4 - 53,MEDELLÍN,ANTIOQUIA,COLOMBIA,6.2322,-75.5772,2009-08-18,173400000000,154,ALIMENTOS Y BEBIDAS,EXPORTACIONES,False,1004,GEN,Generado · Original (limpio)
1006,9000049488,IMPORTADORA HERNANDEZ ANDINA SAS,LAURA CAMILA VARGAS,contacto@importadorahernandezandi.com,6014027948,CALLE 34 # 5 - 54,MANIZALES,CALDAS,COLOMBIA,5.0623,-75.5058,2012-01-25,174250000000,167,COMERCIO,SUPERSOCIEDADES,False,1005,GEN,Generado · Original (limpio)
1007,9000061855,DISTRIBUCIONES FLOREZ DEL SUR SAS,DIEGO ALEJANDRO TORRES,contacto@distribucionesflorezdels.com,6014028085,CALLE 35 # 6 - 55,BUCARAMANGA,SANTANDER,COLOMBIA,7.1153,-73.1307,2015-06-05,175100000000,180,FLORICULTURA,RUES,False,1006,GEN,Generado · Original (limpio)
1008,9000074222,COMERCIALIZADORA OSPINA NACIONAL SAS,SOFÍA VALENTINA RUIZ,contacto@comercializadoraospinana.com,6014028222,CALLE 36 # 7 - 56,CARTAGENA,BOLÍVAR,COLOMBIA,10.391,-75.4834,2018-11-12,175950000000,193,AGROINDUSTRIA,RUES,False,1007,GEN,Generado · Original (limpio)
1009,9000074222,COMERCIALIZADORA OSPINA NACIONAL SAS,SOFÍA VALENTINA RUIZ,contacto@comercializadoraospinana.com,+57 6014028222,CALLE 36 # 7 - 56,CARTAGENA,BOLÍVAR,COLOMBIA,10.391,-75.4834,2018-11-11,179469000000,193,AGROINDUSTRIA,RUES,False,1007,GEN,Generado · Tildes/Ñ removidas
1010,9000074222,COMERCIA LIZADORA OSPINA NACIONAL SAS,SOFÍA VALENTINA RUIZ,,6014028222,CALLE 36 # 7 - 56,CARTAGENA,BOLÍVAR,COLOMBIA,10.391,-75.4834,2018-11-12,179469000000,193,AGROINDUSTRIA,CRM,False,1007,GEN,Generado · Espaciado irregular
1011,9000086599,EXPORTADORA GONZALEZ ANDINA SAS,ANDRÉS FELIPE MORENO,contacto@exportadoragonzalezandin.com,6014028359,CALLE 37 # 8 - 57,BARRANQUILLA,ATLÁNTICO,COLOMBIA,10.9725,-74.7813,2021-04-19,176800000000,206,TEXTIL Y CONFECCIÓN,SUPERSOCIEDADES,False,1008,GEN,Generado · Original (limpio)
1012,9000086599,EXPORTADORA GONZALEZ,ANDRÉS FELIPE MORENO,contacto@exportadoragonzalezandin.com,+57 6014028359,CALLE 37 # 8 - 57,BARRANQUILLA,ATLÁNTICO,COLOMBIA,10.9725,-74.7813,2021-04-19,180336000000,206,TEXTIL Y CONFECCIÓN,SUPERSOCIEDADES,False,1008,GEN,Generado · Nombre truncado
1013,900.008.659-9,EXPORTADORA GONZALEZ ANDINA SAS,ANDRÉS FELIPE MORENO,,+57 6014028359,CALLE 37 # 8 - 57,BARRANQUILLA,ATLÁNTICO,COLOMBIA,10.9725,-74.7813,2021-04-19,180336000000,206,TEXTIL Y CONFECCIÓN,SUPERSOCIEDADES,False,1008,GEN,Generado · NIT formato con puntos
1014,9000098966,IMPORTADORA RAMIREZ DEL NORTE SAS,PAULA ANDREA CASTRO,contacto@importadoraramirezdelnor.com,6014028496,CALLE 38 # 9 - 58,BARRANQUILLA,ATLÁNTICO,COLOMBIA,10.9765,-74.7773,2000-09-26,177650000000,219,MANUFACTURA,RUES,False,1009,GEN,Generado · Original (limpio)
1015,9000098966,IMPORTADORA RAMIREZ DEL NORTE S.A.S.,PAULA ANDREA CASTRO,,+57 6014028496,CALLE 38 # 9 - 58,BARRANQUILLA,ATLÁNTICO,COLOMBIA,10.9765,-74.7773,2000-09-26,181203000000,219,MANUFACTURA,SUPERSOCIEDADES,False,1009,GEN,Generado · Sufijo legal diferente
1016,9000111333,LOGISTICA HERNANDEZ ANDINA SAS,SANTIAGO JOSÉ MENDOZA,contacto@logisticahernandezandina.com,6014028633,CALLE 39 # 10 - 59,MEDELLÍN,ANTIOQUIA,COLOMBIA,6.2562,-75.5732,2003-02-06,178500000000,232,COMERCIO,EXPORTACIONES,False,1010,GEN,Generado · Original (limpio)
1017,9000111333,LOGISICA HERNANDEZ ANDINA SAS,SANTIAGO JOSÉ MENDOZA,contacto@logisticahernandezandina.com,6014028633,CALLE 39 # 10 - 59,MEDELLÍN,ANTIOQUIA,COLOMBIA,6.2562,-75.5732,2003-02-07,182070000000,232,COMERCIO,CRM,False,1010,GEN,Generado · Typo de omisión
1018,9000111334,LOGISTICA HERNANDEZ ANDINA SAS,SANTIAGO JOSÉ MENDOZA,contacto@logisticahernandezandina.com,6014028633,CL 39 No 10 - 59,MEDELLÍN,ANTIOQUIA,COLOMBIA,6.2562,-75.5732,2003-02-06,182070000000,232,COMERCIO,CRM,False,1010,GEN,Generado · NIT con DV distinto
1019,9000123700,TECNOLOGIA MARTINEZ ANDINA SAS,MARÍA FERNANDA GÓMEZ,contacto@tecnologiamartinezandina.com,6014028770,CALLE 40 # 11 - 60,BUCARAMANGA,SANTANDER,COLOMBIA,7.1073,-73.1307,2006-07-13,179350000000,245,LOGÍSTICA,EXPORTACIONES,False,1011,GEN,Generado · Original (limpio)
1020,9000136077,SERVICIOS LOPEZ ANDINA SAS,CARLOS ANDRÉS RODRÍGUEZ,contacto@servicioslopezandina.com,6014028907,CALLE 41 # 12 - 61,BARRANQUILLA,ATLÁNTICO,COLOMBIA,10.9605,-74.7853,2009-12-20,180200000000,258,FLORICULTURA,RUES,False,1012,GEN,Generado · Original (limpio)
1021,900.013.607-7,SERVICIOS LOPEZ ANDINA SAS,CARLOS ANDRÉS RODRÍGUEZ,contacto@servicioslopezandina.com,6014028907,CALLE 41 # 12 - 61,BARRANQUILLA,ATLÁNTICO,COLOMBIA,10.960769,-74.785031,2009-12-20,183804000000,258,FLORICULTURA,CRM,False,1012,GEN,Generado · NIT formato con puntos
1022,9000136077,SERVICIOS LOPEZ,CARLOS ANDRÉS RODRÍGUEZ,contacto@servicioslopezandina.com,6014028907,CALLE 41 # 12 - 61,BARRANQUILLA,ATLÁNTICO,COLOMBIA,10.9605,-74.7853,2009-12-20,183804000000,258,FLORICULTURA,CRM,False,1012,GEN,Generado · Nombre truncado
1023,9000136077,SERVICIOS LOPEZ,CARLOS ANDRÉS RODRÍGUEZ,contacto@servicioslopezandina.com,6014028907,CALLE 41 # 12 - 61,BARRANQUILLA,ATLÁNTICO,COLOMBIA,10.9605,-74.7853,2009-12-20,183804000000,258,FLORICULTURA,CRM,False,1012,GEN,Generado · Nombre truncado
1024,9000148444,MANUFACTURAS RODRIGUEZ DEL NORTE SAS,ANA LUCÍA MARTÍNEZ,contacto@manufacturasrodriguezdel.com,6014029044,CALLE 42 # 13 - 62,BOGOTÁ,CUNDINAMARCA,COLOMBIA,4.707,-74.0721,2012-05-27,181050000000,271,FLORICULTURA,CRM,False,1013,GEN,Generado · Original (limpio)
1025,9000148444,MANUFACTURAS RODRIGUEZ DEL NORTE S.A.S.,ANA LUCÍA MARTÍNEZ,,6014029044,CL 42 No 13 - 62,BOGOTÁ,CUNDINAMARCA,COLOMBIA,4.707269,-74.071831,2012-05-27,184671000000,271,FLORICULTURA,CRM,False,1013,GEN,Generado · Sufijo legal diferente
1026,9000160811,SERVICIOS OSPINA REGIONAL SAS,JUAN PABLO HERRERA,contacto@serviciosospinaregional.com,6014029181,CALLE 43 # 14 - 63,BARRANQUILLA,ATLÁNTICO,COLOMBIA,10.9685,-74.7773,2015-10-07,181900000000,284,COMERCIO,SUPERSOCIEDADES,False,1014,GEN,Generado · Original (limpio)
1027,9000173188,MANUFACTURAS TORRES CENTRAL SAS,LAURA CAMILA VARGAS,contacto@manufacturastorrescentra.com,6014029318,CALLE 44 # 15 - 64,BARRANQUILLA,ATLÁNTICO,COLOMBIA,10.9725,-74.7733,2018-03-14,182750000000,297,AGROINDUSTRIA,SUPERSOCIEDADES,False,1015,GEN,Generado · Original (limpio)
1028,9000185555,TECNOLOGIA RAMIREZ CENTRAL SAS,DIEGO ALEJANDRO TORRES,contacto@tecnologiaramirezcentral.com,6014029455,CALLE 45 # 16 - 65,MANIZALES,CALDAS,COLOMBIA,5.0783,-75.5218,2021-08-21,183600000000,310,TEXTIL Y CONFECCIÓN,RUES,False,1016,GEN,Generado · Original (limpio)
1029,9000185555,TECNOLOGIA RAMIREZ CENTRAL SAS,DIEGO ALEJANDRO TORRES,contacto@tecnologiaramirezcentral.com,6014029455,CL 45 No 16 - 65,MANIZALES,CALDAS,COLOMBIA,5.078569,-75.521531,2021-08-21,187272000000,310,TEXTIL Y CONFECCIÓN,CRM,False,1016,GEN,Generado · Sufijo legal diferente
1030,9000197922,CONSTRUCTORA MARTINEZ DEL SUR SAS,SOFÍA VALENTINA RUIZ,contacto@constructoramartinezdels.com,6014029592,CALLE 46 # 17 - 66,MANIZALES,CALDAS,COLOMBIA,5.0823,-75.5178,2000-01-01,184450000000,323,SERVICIOS,RUES,False,1017,GEN,Generado · Original (limpio)
1031,900.019.792-2,CONSTRUCTORA MARTINEZ DEL SUR SAS,SOFÍA VALENTINA RUIZ,contacto@constructoramartinezdels.com,6014029592,CL 46 No 17 - 66,MANIZALES,CALDAS,COLOMBIA,5.0823,-75.5178,2000-01-01,188139000000,323,SERVICIOS,RUES,False,1017,GEN,Generado · NIT formato con puntos
1032,9000197922,CONSRUCTORA MARTINEZ DEL SUR SAS,SOFÍA VALENTINA RUIZ,contacto@constructoramartinezdels.com,+57 6014029592,CL 46 No 17 - 66,MANIZALES,CALDAS,COLOMBIA,5.0823,-75.5178,2000-01-01,188139000000,323,SERVICIOS,RUES,False,1017,GEN,Generado · Typo de omisión
1033,9000210299,CONSTRUCTORA HERNANDEZ REGIONAL SAS,ANDRÉS FELIPE MORENO,contacto@constructorahernandezreg.com,6014029729,CALLE 47 # 18 - 67,CARTAGENA,BOLÍVAR,COLOMBIA,10.379,-75.4794,2003-06-08,185300000000,336,ALIMENTOS Y BEBIDAS,SUPERSOCIEDADES,False,1018,GEN,Generado · Original (limpio)
1034,9000210299,CONST RUCTORA HERNANDEZ REGIONAL SAS,ANDRÉS FELIPE MORENO,contacto@constructorahernandezreg.com,+57 6014029729,CALLE 47 # 18 - 67,CARTAGENA,BOLÍVAR,COLOMBIA,10.379,-75.4794,2003-06-08,189006000000,336,ALIMENTOS Y BEBIDAS,RUES,False,1018,GEN,Generado · Espaciado irregular
1035,9000222666,COMERCIALIZADORA CASTAÑO REGIONAL SAS,PAULA ANDREA CASTRO,contacto@comercializadoracastanor.com,6014029866,CALLE 48 # 19 - 68,CALI,VALLE DEL CAUCA,COLOMBIA,3.4436,-76.528,2006-11-15,186150000000,349,TEXTIL Y CONFECCIÓN,RUES,False,1019,GEN,Generado · Original (limpio)
1036,9000222666,COME RCIALIZADORA CASTAÑO REGIONAL SAS,PAULA ANDREA CASTRO,contacto@comercializadoracastanor.com,6014029866,CL 48 No 19 - 68,CALI,VALLE DEL CAUCA,COLOMBIA,3.443869,-76.527731,2006-11-15,189873000000,349,TEXTIL Y CONFECCIÓN,CRM,False,1019,GEN,Generado · Espaciado irregular
1037,9000222666,COMERCIALIZADORA CASTAÑO REGIONAL LTDA,PAULA ANDREA CASTRO,contacto@comercializadoracastanor.com,+57 6014029866,CALLE 48 # 19 - 68,CALI,VALLE DEL CAUCA,COLOMBIA,3.4436,-76.528,2006-11-17,189873000000,349,TEXTIL Y CONFECCIÓN,EXPORTACIONES,False,1019,GEN,Generado · Sufijo legal diferente
1038,9000222666,CASTAÑO COMERCIALIZADORA REGIONAL SAS,PAULA ANDREA CASTRO,,+57 6014029866,CALLE 48 # 19 - 68,CALI,VALLE DEL CAUCA,COLOMBIA,3.4436,-76.528,2006-11-15,189873000000,349,TEXTIL Y CONFECCIÓN,RUES,False,1019,GEN,Generado · Orden de palabras alterado
1039,9000235033,COMERCIALIZADORA TORRES DEL CARIBE SAS,SANTIAGO JOSÉ MENDOZA,contacto@comercializadoratorresde.com,6014030003,CALLE 49 # 20 - 69,MEDELLÍN,ANTIOQUIA,COLOMBIA,6.2402,-75.5732,2009-04-22,187000000000,362,COMERCIO,EXPORTACIONES,False,1020,GEN,Generado · Original (limpio)
1040,9000247400,INVERSIONES GONZALEZ DEL CARIBE SAS,MARÍA FERNANDA GÓMEZ,contacto@inversionesgonzalezdelca.com,6014030140,CALLE 50 # 21 - 70,BARRANQUILLA,ATLÁNTICO,COLOMBIA,10.9685,-74.7893,2012-09-02,187850000000,375,CONSTRUCCIÓN,SUPERSOCIEDADES,False,1021,GEN,Generado · Original (limpio)
1041,9000259777,LOGISTICA QUINTERO DEL SUR SAS,CARLOS ANDRÉS RODRÍGUEZ,contacto@logisticaquinterodelsur.com,6014030277,CALLE 51 # 22 - 71,BOGOTÁ,CUNDINAMARCA,COLOMBIA,4.715,-74.0761,2015-02-09,188700000000,388,COMERCIO,RUES,False,1022,GEN,Generado · Original (limpio)
1042,9000272144,INVERSIONES HERNANDEZ DEL CARIBE SAS,ANA LUCÍA MARTÍNEZ,contacto@inversioneshernandezdelc.com,6014030414,CALLE 52 # 23 - 72,MEDELLÍN,ANTIOQUIA,COLOMBIA,6.2522,-75.5812,2018-07-16,189550000000,401,COMERCIO,EXPORTACIONES,False,1023,GEN,Generado · Original (limpio)
1043,9000284511,IMPORTADORA LOPEZ DEL NORTE SAS,JUAN PABLO HERRERA,contacto@importadoralopezdelnorte.com,6014030551,CALLE 53 # 24 - 73,BARRANQUILLA,ATLÁNTICO,COLOMBIA,10.9805,-74.7773,2021-12-23,190400000000,414,TECNOLOGÍA,EXPORTACIONES,False,1024,GEN,Generado · Original (limpio)
1044,9000284511,IMPORTADORA LOPEZ DEL NORTE S.A.S.,JUAN PABLO HERRERA,contacto@importadoralopezdelnorte.com,6014030551,CL 53 No 24 - 73,BARRANQUILLA,ATLÁNTICO,COLOMBIA,10.9805,-74.7773,2021-12-22,194208000000,414,TECNOLOGÍA,CRM,False,1024,GEN,Generado · Sufijo legal diferente
1045,9000296888,INDUSTRIAS TORRES CENTRAL SAS,LAURA CAMILA VARGAS,contacto@industriastorrescentral.com,6014030688,CALLE 54 # 25 - 74,BOGOTÁ,CUNDINAMARCA,COLOMBIA,4.699,-74.0641,2000-05-03,191250000000,427,AGROINDUSTRIA,CRM,False,1025,GEN,Generado · Original (limpio)
1046,9000309255,LOGISTICA GOMEZ DEL NORTE SAS,DIEGO ALEJANDRO TORRES,contacto@logisticagomezdelnorte.com,6014030825,CALLE 55 # 26 - 75,CALI,VALLE DEL CAUCA,COLOMBIA,3.4436,-76.54,2003-10-10,192100000000,440,ALIMENTOS Y BEBIDAS,EXPORTACIONES,False,1026,GEN,Generado · Original (limpio)
1047,9000321622,TECNOLOGIA GOMEZ DEL NORTE SAS,SOFÍA VALENTINA RUIZ,contacto@tecnologiagomezdelnorte.com,6014030962,CALLE 56 # 27 - 76,BARRANQUILLA,ATLÁNTICO,COLOMBIA,10.9645,-74.7853,2006-03-17,192950000000,453,SERVICIOS,EXPORTACIONES,False,1027,GEN,Generado · Original (limpio)
1048,9000321623,TECNOLOGIA GOMEZ DEL NORTE SAS,SOFÍA VALENTINA RUIZ,contacto@tecnologiagomezdelnorte.com,6014030962,CALLE 56 # 27 - 76,BARRANQUILLA,ATLÁNTICO,COLOMBIA,10.964769,-74.785031,2006-03-17,196809000000,453,SERVICIOS,CRM,False,1027,GEN,Generado · NIT con DV distinto
1049,9000333999,INVERSIONES RAMIREZ ANDINA SAS,ANDRÉS FELIPE MORENO,contacto@inversionesramirezandina.com,6014031099,CALLE 57 # 28 - 77,CALI,VALLE DEL CAUCA,COLOMBIA,3.4516,-76.532,2009-08-24,193800000000,466,CONSTRUCCIÓN,SUPERSOCIEDADES,False,1028,GEN,Generado · Original (limpio)
1050,9000333999,RAMIREZ INVERSIONES ANDINA SAS,ANDRÉS FELIPE MORENO,contacto@inversionesramirezandina.com,+57 6014031099,CL 57 No 28 - 77,CALI,VALLE DEL CAUCA,COLOMBIA,3.4516,-76.532,2009-08-24,197676000000,466,CONSTRUCCIÓN,CRM,False,1028,GEN,Generado · Orden de palabras alterado
1051,9000333999,RAMIREZ INVERSIONES ANDINA SAS,ANDRÉS FELIPE MORENO,contacto@inversionesramirezandina.com,6014031099,CALLE 57 # 28 - 77,CALI,VALLE DEL CAUCA,COLOMBIA,3.4516,-76.532,2009-08-21,197676000000,466,CONSTRUCCIÓN,CRM,False,1028,GEN,Generado · Orden de palabras alterado
1052,9000346366,CONSTRUCTORA GONZALEZ DEL SUR SAS,PAULA ANDREA CASTRO,contacto@constructoragonzalezdels.com,6014031236,CALLE 58 # 29 - 78,MEDELLÍN,ANTIOQUIA,COLOMBIA,6.2482,-75.5772,2012-01-04,194650000000,479,TECNOLOGÍA,SUPERSOCIEDADES,False,1029,GEN,Generado · Original (limpio)
1053,9000346367,CONSTRUCTORA GONZALEZ DEL SUR SAS,PAULA ANDREA CASTRO,,6014031236,CALLE 58 # 29 - 78,MEDELLÍN,ANTIOQUIA,COLOMBIA,6.248469,-75.576931,2012-01-04,198543000000,479,TECNOLOGÍA,EXPORTACIONES,False,1029,GEN,Generado · NIT con DV distinto
1054,9000358733,COMERCIALIZADORA RODRIGUEZ CENTRAL SAS,SANTIAGO JOSÉ MENDOZA,contacto@comercializadorarodrigue.com,6014031373,CALLE 59 # 30 - 79,BUCARAMANGA,SANTANDER,COLOMBIA,7.1273,-73.1147,2015-06-11,195500000000,492,CONSTRUCCIÓN,RUES,False,1030,GEN,Generado · Original (limpio)
1055,9000358733,COMERCIALIZADORA RODRIGUEZ CENTRAL SAS,SANTIAGO JOSÉ MENDOZA,,6014031373,CL 59 No 30 - 79,BUCARAMANGA,SANTANDER,COLOMBIA,7.1273,-73.1147,2015-06-11,199410000000,492,CONSTRUCCIÓN,CRM,False,1030,GEN,Generado · Tildes/Ñ removidas
1056,9000371100,TECNOLOGIA RAMIREZ DEL CARIBE SAS,MARÍA FERNANDA GÓMEZ,contacto@tecnologiaramirezdelcari.com,6014031510,CALLE 60 # 31 - 80,BUCARAMANGA,SANTANDER,COLOMBIA,7.1313,-73.1307,2018-11-18,196350000000,505,FLORICULTURA,RUES,False,1031,GEN,Generado · Original (limpio)
1057,9000371100,TECNOLOGIA RAMIREZ,MARÍA FERNANDA GÓMEZ,contacto@tecnologiaramirezdelcari.com,6014031510,CALLE 60 # 31 - 80,BUCARAMANGA,SANTANDER,COLOMBIA,7.1313,-73.1307,2018-11-18,200277000000,505,FLORICULTURA,CRM,False,1031,GEN,Generado · Nombre truncado
1058,9000383477,CONSTRUCTORA OSPINA CENTRAL SAS,CARLOS ANDRÉS RODRÍGUEZ,contacto@constructoraospinacentra.com,6014031647,CALLE 61 # 32 - 81,CALI,VALLE DEL CAUCA,COLOMBIA,3.4396,-76.536,2021-04-25,197200000000,18,FLORICULTURA,SUPERSOCIEDADES,False,1032,GEN,Generado · Original (limpio)
1059,9000383478,CONSTRUCTORA OSPINA CENTRAL SAS,CARLOS ANDRÉS RODRÍGUEZ,contacto@constructoraospinacentra.com,6014031647,CL 61 No 32 - 81,CALI,VALLE DEL CAUCA,COLOMBIA,3.4396,-76.536,2021-04-25,201144000000,18,FLORICULTURA,EXPORTACIONES,False,1032,GEN,Generado · NIT con DV distinto
1060,9000395844,AGROPECUARIA TORRES REGIONAL SAS,ANA LUCÍA MARTÍNEZ,contacto@agropecuariatorresregion.com,6014031784,CALLE 62 # 33 - 82,BARRANQUILLA,ATLÁNTICO,COLOMBIA,10.9605,-74.7813,2000-09-05,198050000000,31,COMERCIO,CRM,False,1033,GEN,Generado · Original (limpio)
1061,9000395844,AGROPCUARIA TORRES REGIONAL SAS,ANA LUCÍA MARTÍNEZ,contacto@agropecuariatorresregion.com,6014031784,CALLE 62 # 33 - 82,BARRANQUILLA,ATLÁNTICO,COLOMBIA,10.9605,-74.7813,2000-09-05,202011000000,31,COMERCIO,EXPORTACIONES,False,1033,GEN,Generado · Typo de omisión
1062,9000408211,MANUFACTURAS LOPEZ DEL PACIFICO SAS,JUAN PABLO HERRERA,contacto@manufacturaslopezdelpaci.com,6014031921,CALLE 63 # 34 - 83,BOGOTÁ,CUNDINAMARCA,COLOMBIA,4.707,-74.0681,2003-02-12,198900000000,44,TEXTIL Y CONFECCIÓN,SUPERSOCIEDADES,False,1034,GEN,Generado · Original (limpio)
1063,9000420588,IMPORTADORA RODRIGUEZ REGIONAL SAS,LAURA CAMILA VARGAS,contacto@importadorarodriguezregi.com,6014032058,CALLE 64 # 35 - 84,PEREIRA,RISARALDA,COLOMBIA,4.8087,-75.6826,2006-07-19,199750000000,57,FLORICULTURA,SUPERSOCIEDADES,False,1035,GEN,Generado · Original (limpio)
1064,9000432955,AGROPECUARIA RAMIREZ NACIONAL SAS,DIEGO ALEJANDRO TORRES,contacto@agropecuariaramireznacio.com,6014032195,CALLE 65 # 36 - 85,CALI,VALLE DEL CAUCA,COLOMBIA,3.4556,-76.54,2009-12-26,200600000000,70,TEXTIL Y CONFECCIÓN,RUES,False,1036,GEN,Generado · Original (limpio)
1065,9000432955,AGROPECUARIA RAMIREZ NACIONAL SAS,DIEGO ALEJANDRO TORRES,contacto@agropecuariaramireznacio.com,+57 6014032195,CALLE 65 # 36 - 85,CALI,VALLE DEL CAUCA,COLOMBIA,3.4556,-76.54,2009-12-26,204612000000,70,TEXTIL Y CONFECCIÓN,RUES,False,1036,GEN,Generado · Tildes/Ñ removidas
1066,900.043.295-5,AGROPECUARIA RAMIREZ NACIONAL SAS,DIEGO ALEJANDRO TORRES,contacto@agropecuariaramireznacio.com,+57 6014032195,CALLE 65 # 36 - 85,CALI,VALLE DEL CAUCA,COLOMBIA,3.4556,-76.54,2009-12-26,204612000000,70,TEXTIL Y CONFECCIÓN,SUPERSOCIEDADES,False,1036,GEN,Generado · NIT formato con puntos
1067,9000445322,IMPORTADORA QUINTERO CENTRAL SAS,SOFÍA VALENTINA RUIZ,contacto@importadoraquinterocentr.com,6014032332,CALLE 66 # 37 - 86,MANIZALES,CALDAS,COLOMBIA,5.0783,-75.5178,2012-05-06,201450000000,83,MANUFACTURA,SUPERSOCIEDADES,False,1037,GEN,Generado · Original (limpio)
1068,900.044.532-2,IMPORTADORA QUINTERO CENTRAL SAS,SOFÍA VALENTINA RUIZ,contacto@importadoraquinterocentr.com,+57 6014032332,CALLE 66 # 37 - 86,MANIZALES,CALDAS,COLOMBIA,5.0783,-75.5178,2012-05-06,205479000000,83,MANUFACTURA,CRM,False,1037,GEN,Generado · NIT formato con puntos
1069,9000445322,IMPORTADORA QUINTERO,SOFÍA VALENTINA RUIZ,contacto@importadoraquinterocentr.com,6014032332,CL 66 No 37 - 86,MANIZALES,CALDAS,COLOMBIA,5.0783,-75.5178,2012-05-06,205479000000,83,MANUFACTURA,RUES,False,1037,GEN,Generado · Nombre truncado
1070,9000457699,INVERSIONES MARTINEZ NACIONAL SAS,ANDRÉS FELIPE MORENO,contacto@inversionesmartineznacio.com,6014032469,CALLE 67 # 38 - 87,PEREIRA,RISARALDA,COLOMBIA,4.8207,-75.6906,2015-10-13,202300000000,96,MANUFACTURA,RUES,False,1038,GEN,Generado · Original (limpio)
1071,9000457699,INVERSIONES MARTINEZ NACIONAL SAS,ANDRÉS FELIPE MORENO,contacto@inversionesmartineznacio.com,6014032469,CALLE 67 # 38 - 87,PEREIRA,RISARALDA,COLOMBIA,4.820969,-75.690331,2015-10-13,206346000000,96,MANUFACTURA,RUES,False,1038,GEN,Generado · Tildes/Ñ removidas
1072,9000457699,INVERSIONES MARTINEZ NACIONAL SAS,ANDRÉS FELIPE MORENO,contacto@inversionesmartineznacio.com,6014032469,CL 67 No 38 - 87,PEREIRA,RISARALDA,COLOMBIA,4.8207,-75.6906,2015-10-13,206346000000,96,MANUFACTURA,SUPERSOCIEDADES,False,1038,GEN,Generado · Tildes/Ñ removidas
1073,9000470066,LOGISTICA QUINTERO NACIONAL SAS,PAULA ANDREA CASTRO,contacto@logisticaquinteronaciona.com,6014032606,CALLE 68 # 39 - 88,MANIZALES,CALDAS,COLOMBIA,5.0583,-75.5098,2018-03-20,203150000000,109,SERVICIOS,SUPERSOCIEDADES,False,1039,GEN,Generado · Original (limpio)
1074,9000482433,COMERCIALIZADORA RAMIREZ DEL NORTE SAS,SANTIAGO JOSÉ MENDOZA,contacto@comercializadoraramirezd.com,6014032743,CALLE 69 # 40 - 89,PEREIRA,RISARALDA,COLOMBIA,4.8007,-75.6826,2021-08-27,204000000000,122,MANUFACTURA,CRM,False,1040,GEN,Generado · Original (limpio)
1075,9000482434,COMERCIALIZADORA RAMIREZ DEL NORTE SAS,SANTIAGO JOSÉ MENDOZA,contacto@comercializadoraramirezd.com,+57 6014032743,CALLE 69 # 40 - 89,PEREIRA,RISARALDA,COLOMBIA,4.800969,-75.682331,2021-08-27,208080000000,122,MANUFACTURA,CRM,False,1040,GEN,Generado · NIT con DV distinto
1076,900.048.243-3,COMERCIALIZADORA RAMIREZ DEL NORTE SAS,SANTIAGO JOSÉ MENDOZA,contacto@comercializadoraramirezd.com,+57 6014032743,CALLE 69 # 40 - 89,PEREIRA,RISARALDA,COLOMBIA,4.8007,-75.6826,2021-08-27,208080000000,122,MANUFACTURA,SUPERSOCIEDADES,False,1040,GEN,Generado · NIT formato con puntos
1077,9000494800,SERVICIOS RAMIREZ DEL SUR SAS,MARÍA FERNANDA GÓMEZ,contacto@serviciosramirezdelsur.com,6014032880,CALLE 70 # 41 - 10,MEDELLÍN,ANTIOQUIA,COLOMBIA,6.2402,-75.5892,2000-01-07,204850000000,135,LOGÍSTICA,RUES,False,1041,GEN,Generado · Original (limpio)
1078,9000507177,TECNOLOGIA LOPEZ DEL CARIBE SAS,CARLOS ANDRÉS RODRÍGUEZ,contacto@tecnologialopezdelcaribe.com,6014033017,CALLE 71 # 42 - 11,BOGOTÁ,CUNDINAMARCA,COLOMBIA,4.711,-74.0761,2003-06-14,205700000000,148,TEXTIL Y CONFECCIÓN,CRM,False,1042,GEN,Generado · Original (limpio)
1079,9000507177,TECNOLOGIA LOPEZ DEL CARIBE LTDA,CARLOS ANDRÉS RODRÍGUEZ,,+57 6014033017,CALLE 71 # 42 - 11,BOGOTÁ,CUNDINAMARCA,COLOMBIA,4.711,-74.0761,2003-06-16,209814000000,148,TEXTIL Y CONFECCIÓN,EXPORTACIONES,False,1042,GEN,Generado · Sufijo legal diferente
1080,9000507177,TEC LOPEZ DEL CARIBE SAS,CARLOS ANDRÉS RODRÍGUEZ,contacto@tecnologialopezdelcaribe.com,+57 6014033017,CALLE 71 # 42 - 11,BOGOTÁ,CUNDINAMARCA,COLOMBIA,4.711269,-74.075831,2003-06-14,209814000000,148,TEXTIL Y CONFECCIÓN,EXPORTACIONES,False,1042,GEN,Generado · Abreviación
1081,9000507177,TECNOLOIA LOPEZ DEL CARIBE SAS,CARLOS ANDRÉS RODRÍGUEZ,contacto@tecnologialopezdelcaribe.com,+57 6014033017,CALLE 71 # 42 - 11,BOGOTÁ,CUNDINAMARCA,COLOMBIA,4.711,-74.0761,2003-06-14,209814000000,148,TEXTIL Y CONFECCIÓN,CRM,False,1042,GEN,Generado · Typo de omisión
1082,9000519544,DISTRIBUCIONES CASTAÑO NACIONAL SAS,ANA LUCÍA MARTÍNEZ,contacto@distribucionescastanonac.com,6014033154,CALLE 72 # 43 - 12,MEDELLÍN,ANTIOQUIA,COLOMBIA,6.2482,-75.5812,2006-11-21,206550000000,161,TECNOLOGÍA,RUES,False,1043,GEN,Generado · Original (limpio)
1083,9000519544,DISTRIBUCIONES CASTAÑO NACIONAL SAS,ANA LUCÍA MARTÍNEZ,contacto@distribucionescastanonac.com,6014033154,CL 72 No 43 - 12,MEDELLÍN,ANTIOQUIA,COLOMBIA,6.2482,-75.5812,2006-11-21,210681000000,161,TECNOLOGÍA,SUPERSOCIEDADES,False,1043,GEN,Generado · Sufijo legal diferente
1084,9000519544,DISTRIUCIONES CASTAÑO NACIONAL SAS,ANA LUCÍA MARTÍNEZ,contacto@distribucionescastanonac.com,6014033154,CALLE 72 # 43 - 12,MEDELLÍN,ANTIOQUIA,COLOMBIA,6.2482,-75.5812,2006-11-21,210681000000,161,TECNOLOGÍA,EXPORTACIONES,False,1043,GEN,Generado · Typo de omisión
1085,9000531911,IMPORTADORA FLOREZ REGIONAL SAS,JUAN PABLO HERRERA,contacto@importadoraflorezregiona.com,6014033291,CALLE 73 # 44 - 13,MANIZALES,CALDAS,COLOMBIA,5.0783,-75.5098,2009-04-01,207400000000,174,ALIMENTOS Y BEBIDAS,EXPORTACIONES,False,1044,GEN,Generado · Original (limpio)
1086,9000531911,IMPORTADORA FLOREZ REGIONAL SAS,JUAN PABLO HERRERA,contacto@importadoraflorezregiona.com,6014033291,CL 73 No 44 - 13,MANIZALES,CALDAS,COLOMBIA,5.0783,-75.5098,2009-04-01,211548000000,174,ALIMENTOS Y BEBIDAS,SUPERSOCIEDADES,False,1044,GEN,Generado · Abreviación
1087,9000531911,IMPORTADORA FLOREZ REGIONAL SAS,JUAN PABLO HERRERA,contacto@importadoraflorezregiona.com,+57 6014033291,CL 73 No 44 - 13,MANIZALES,CALDAS,COLOMBIA,5.078569,-75.509531,2009-04-01,211548000000,174,ALIMENTOS Y BEBIDAS,EXPORTACIONES,False,1044,GEN,Generado · Abreviación
1088,9000544288,SERVICIOS CASTAÑO DEL SUR SAS,LAURA CAMILA VARGAS,contacto@servicioscastanodelsur.com,6014033428,CALLE 74 # 45 - 14,BOGOTÁ,CUNDINAMARCA,COLOMBIA,4.723,-74.0641,2012-09-08,208250000000,187,COMERCIO,RUES,False,1045,GEN,Generado · Original (limpio)
1089,9000544288,CASTAÑO SERVICIOS DEL SUR SAS,LAURA CAMILA VARGAS,contacto@servicioscastanodelsur.com,6014033428,CALLE 74 # 45 - 14,BOGOTÁ,CUNDINAMARCA,COLOMBIA,4.723,-74.0641,2012-09-08,212415000000,187,COMERCIO,SUPERSOCIEDADES,False,1045,GEN,Generado · Orden de palabras alterado
1090,900.054.428-8,SERVICIOS CASTAÑO DEL SUR SAS,LAURA CAMILA VARGAS,,6014033428,CL 74 No 45 - 14,BOGOTÁ,CUNDINAMARCA,COLOMBIA,4.723,-74.0641,2012-09-08,212415000000,187,COMERCIO,EXPORTACIONES,False,1045,GEN,Generado · NIT formato con puntos
1091,900.054.428-8,SERVICIOS CASTAÑO DEL SUR SAS,LAURA CAMILA VARGAS,contacto@servicioscastanodelsur.com,6014033428,CALLE 74 # 45 - 14,BOGOTÁ,CUNDINAMARCA,COLOMBIA,4.723,-74.0641,2012-09-08,212415000000,187,COMERCIO,SUPERSOCIEDADES,False,1045,GEN,Generado · NIT formato con puntos
