PAR_ID,REG_ID_A,REG_ID_B,ENTIDAD_ID,MATCH_ESPERADO,RETO,RAZON
1,1,1,1,True,exacto,Misma entidad: A='TEXTILES DEL PACIFICO SAS' ↔ B='TEXTILES DEL PACIFICO SAS'
2,2,2,2,True,sufijo,Misma entidad: A='AGROINDUSTRIAL MANUELITA' ↔ B='AGROINDUSTRIAL MANUELITA SAS'
3,3,3,3,True,comercial_vs_legal,Misma entidad: A='CONFECCIONES ARCOIRIS' ↔ B='CONFECCIONES ARCOIRIS SOCIEDAD POR ACCIONES SIMPLIFICADA'
4,4,4,4,True,truncado,Misma entidad: A='INGENIERIA Y CONSTRUCCIONES' ↔ B='INGENIERIA Y CONSTRUCCIONES DEL CARIBE SAS'
5,5,5,5,True,prefijo_ci,Misma entidad: A='FLORES TROPICALES DE COLOMBIA' ↔ B='C.I. FLORES TROPICALES DE COLOMBIA SAS'
6,6,6,6,True,orden,Misma entidad: A='EMPRESARIAL GRUPO DELTA SAS' ↔ B='GRUPO EMPRESARIAL DELTA SAS'
7,7,7,7,True,nit_formato,Misma entidad: A='LOGISTICA GLOBAL ANDINA SAS' ↔ B='LOGISTICA GLOBAL ANDINA SAS'
8,8,8,8,True,exacto,Misma entidad: A='MANUFACTURAS ACME SAS' ↔ B='MANUFACTURAS ACME SAS'
9,9,9,9,True,sin_nit_en_A,Misma entidad: A='SOLUCIONES TECNOLOGICAS APLICADAS SAS' ↔ B='SOLUCIONES TECNOLOGICAS APLICADAS SAS'
10,10,10,10,True,typo,Misma entidad: A='ALIMETOS CONGELADOS DEL TROPICO SAS' ↔ B='ALIMENTOS CONGELADOS DEL TROPICO SAS'
11,11,11,11,True,tildes,Misma entidad: A='CLINICA VISION TOTAL SAS' ↔ B='CLINICA VISION TOTAL SAS'
12,12,12,12,True,abreviado,Misma entidad: A='EDITORIAL LETRAS DORADAS SAS' ↔ B='EDITORIAL LETRAS DORADAS SAS'
13,13,13,13,True,exacto,Misma entidad: A='PLASTICOS Y EMPAQUES MODERNOS SAS' ↔ B='PLASTICOS Y EMPAQUES MODERNOS SAS'
14,14,14,14,True,sufijo,Misma entidad: A='TRANSPORTES RAPIDOS UNIDOS' ↔ B='TRANSPORTES RAPIDOS UNIDOS SAS'
15,15,15,15,True,comercial_vs_legal,Misma entidad: A='AGROPECUARIA SANTA' ↔ B='AGROPECUARIA SANTA HELENA SOCIEDAD POR ACCIONES SIMPLIFICADA'
