REG_ID_B,NIT,RAZON_SOCIAL,EMAIL,TELEFONO,DIRECCION,CIUDAD,DEPARTAMENTO,PAIS,LATITUD,LONGITUD,SECTOR,FUENTE,ENTIDAD_ID_ESPERADO,RETO,NOTAS
1,9001234567,TEXTILES DEL PACIFICO SAS,contacto@textilesdelpacifico.com,6014041237,CALLE 41 # 2 - 71,CALI,VALLE DEL CAUCA,COLOMBIA,3.4396,-76.536,TEXTIL Y CONFECCIÓN,RUES,1,exacto,Registro oficial RUES
2,8004567894,AGROINDUSTRIAL MANUELITA SAS,contacto@agroindustrialmanuelita.com,6014041374,CALLE 42 # 3 - 72,CALI,VALLE DEL CAUCA,COLOMBIA,3.4436,-76.532,AGROINDUSTRIA,RUES,2,sufijo,Registro oficial RUES
3,9012345671,CONFECCIONES ARCOIRIS SOCIEDAD POR ACCIONES SIMPLIFICADA,contacto@confeccionesarcoiris.com,6014041511,CALLE 43 # 4 - 73,MEDELLÍN,ANTIOQUIA,COLOMBIA,6.2402,-75.5772,TEXTIL Y CONFECCIÓN,RUES,3,comercial_vs_legal,Registro oficial RUES
4,8607890128,INGENIERIA Y CONSTRUCCIONES DEL CARIBE SAS,contacto@ingenieriayconstruccione.com,6014041648,CALLE 44 # 5 - 74,BARRANQUILLA,ATLÁNTICO,COLOMBIA,10.9685,-74.7733,CONSTRUCCIÓN,RUES,4,truncado,Registro oficial RUES
5,9005556665,C.I. FLORES TROPICALES DE COLOMBIA SAS,contacto@florestropicalesdecolomb.com,6014041785,CALLE 45 # 6 - 75,BOGOTÁ,CUNDINAMARCA,COLOMBIA,4.715,-74.0801,FLORICULTURA,RUES,5,prefijo_ci,Registro oficial RUES
6,9007778882,GRUPO EMPRESARIAL DELTA SAS,contacto@grupoempresarialdelta.com,6014041922,CALLE 46 # 7 - 76,BOGOTÁ,CUNDINAMARCA,COLOMBIA,4.719,-74.0761,SERVICIOS,RUES,6,orden,Registro oficial RUES
7,9018889999,LOGISTICA GLOBAL ANDINA SAS,contacto@logisticaglobalandina.com,6014042059,CALLE 47 # 8 - 77,MEDELLÍN,ANTIOQUIA,COLOMBIA,6.2562,-75.5812,LOGÍSTICA,RUES,7,nit_formato,Registro oficial RUES
8,9002020206,MANUFACTURAS ACME SAS,contacto@manufacturasacme.com,6014042196,CALLE 48 # 9 - 78,BOGOTÁ,CUNDINAMARCA,COLOMBIA,4.699,-74.0681,MANUFACTURA,RUES,8,exacto,Registro oficial RUES
9,9010101013,SOLUCIONES TECNOLOGICAS APLICADAS SAS,contacto@solucionestecnologicasap.com,6014042333,CALLE 49 # 10 - 79,BOGOTÁ,CUNDINAMARCA,COLOMBIA,4.703,-74.0641,TECNOLOGÍA,RUES,9,sin_nit_en_A,Registro oficial RUES
10,8000800810,ALIMENTOS CONGELADOS DEL TROPICO SAS,contacto@alimentoscongeladosdeltr.com,6014042470,CALLE 50 # 11 - 80,CARTAGENA,BOLÍVAR,COLOMBIA,10.387,-75.4874,ALIMENTOS Y BEBIDAS,RUES,10,typo,Registro oficial RUES
11,9010700717,CLINICA VISION TOTAL SAS,contacto@clinicavisiontotal.com,6014042607,CALLE 51 # 12 - 81,BUCARAMANGA,SANTANDER,COLOMBIA,7.1193,-73.1267,SERVICIOS,RUES,11,tildes,Registro oficial RUES
12,8300500514,EDITORIAL LETRAS DORADAS SAS,contacto@editorialletrasdoradas.com,6014042744,CALLE 52 # 13 - 82,MEDELLÍN,ANTIOQUIA,COLOMBIA,6.2482,-75.5812,SERVICIOS,RUES,12,abreviado,Registro oficial RUES
13,9000600611,PLASTICOS Y EMPAQUES MODERNOS SAS,contacto@plasticosyempaquesmodern.com,6014042881,CALLE 53 # 14 - 83,BARRANQUILLA,ATLÁNTICO,COLOMBIA,10.9765,-74.7773,MANUFACTURA,RUES,13,exacto,Registro oficial RUES
14,9000400418,TRANSPORTES RAPIDOS UNIDOS SAS,contacto@transportesrapidosunidos.com,6014043018,CALLE 54 # 15 - 84,CALI,VALLE DEL CAUCA,COLOMBIA,3.4636,-76.524,LOGÍSTICA,RUES,14,sufijo,Registro oficial RUES
15,8000300315,AGROPECUARIA SANTA HELENA SOCIEDAD POR ACCIONES SIMPLIFICADA,contacto@agropecuariasantahelena.com,6014043155,CALLE 55 # 16 - 85,MANIZALES,CALDAS,COLOMBIA,5.0583,-75.5218,AGROINDUSTRIA,RUES,15,comercial_vs_legal,Registro oficial RUES
16,8306000017,FUNDACION EDUCATIVA HORIZONTES SAS,contacto@fundacioneducativahorizo.com,6014096037,CALLE 81 # 2 - 71,BOGOTÁ,CUNDINAMARCA,COLOMBIA,4.703,-74.0761,SERVICIOS,RUES,-1,solo_B,Solo en RUES; no debe cruzar con A
17,8006000024,COOPERATIVA DE TRANSPORTADORES DEL LLANO SAS,contacto@cooperativadetransportad.com,6014096174,CALLE 82 # 3 - 72,BOGOTÁ,CUNDINAMARCA,COLOMBIA,4.707,-74.0721,LOGÍSTICA,RUES,-1,solo_B,Solo en RUES; no debe cruzar con A
18,8606000031,INDUSTRIA METALMECANICA NACIONAL SAS,contacto@industriametalmecanicana.com,6014096311,CALLE 83 # 4 - 73,BUCARAMANGA,SANTANDER,COLOMBIA,7.1193,-73.1187,MANUFACTURA,RUES,-1,solo_B,Solo en RUES; no debe cruzar con A
19,9006000048,COMERCIALIZADORA DE GRANOS EL CAMPO SAS,contacto@comercializadoradegranos.com,6014096448,CALLE 84 # 5 - 74,BARRANQUILLA,ATLÁNTICO,COLOMBIA,10.9725,-74.7733,AGROINDUSTRIA,RUES,-1,solo_B,Solo en RUES; no debe cruzar con A
20,8906000055,SERVICIOS PORTUARIOS DEL MAGDALENA SAS,contacto@serviciosportuariosdelma.com,6014096585,CALLE 85 # 6 - 75,CARTAGENA,BOLÍVAR,COLOMBIA,10.399,-75.4874,LOGÍSTICA,RUES,-1,solo_B,Solo en RUES; no debe cruzar con A
21,9027773337,CONSTRUCTORA ANDINA SAS,contacto@constructoraandina.com,6014082337,CALLE 71 # 2 - 51,MEDELLÍN,ANTIOQUIA,COLOMBIA,6.2562,-75.5852,CONSTRUCCIÓN,RUES,-3,homonimo_cross,Homónimo en RUES; entidad DISTINTA del registro de A
