REG_ID_A,NIT,RAZON_SOCIAL,EMAIL,TELEFONO,DIRECCION,CIUDAD,DEPARTAMENTO,PAIS,LATITUD,LONGITUD,SECTOR,FUENTE,ENTIDAD_ID_ESPERADO,RETO,NOTAS
1,9001234567,TEXTILES DEL PACIFICO SAS,contacto@textilesdelpacifico.com,6014041237,CALLE 41 # 2 - 71,CALI,VALLE DEL CAUCA,COLOMBIA,3.4396,-76.536,TEXTIL Y CONFECCIÓN,CRM,1,exacto,Match limpio
2,8004567894,AGROINDUSTRIAL MANUELITA,contacto@agroindustrialmanuelita.com,6014041374,CALLE 42 # 3 - 72,CALI,VALLE DEL CAUCA,COLOMBIA,3.4436,-76.532,AGROINDUSTRIA,CRM,2,sufijo,CRM sin sufijo legal
3,9012345671,CONFECCIONES ARCOIRIS,contacto@confeccionesarcoiris.com,6014041511,CALLE 43 # 4 - 73,MEDELLÍN,ANTIOQUIA,COLOMBIA,6.2402,-75.5772,TEXTIL Y CONFECCIÓN,CRM,3,comercial_vs_legal,Nombre comercial corto
4,8607890128,INGENIERIA Y CONSTRUCCIONES,contacto@ingenieriayconstruccione.com,6014041648,CALLE 44 # 5 - 74,BARRANQUILLA,ATLÁNTICO,COLOMBIA,10.9685,-74.7733,CONSTRUCCIÓN,CRM,4,truncado,CRM truncado
5,9005556665,FLORES TROPICALES DE COLOMBIA,contacto@florestropicalesdecolomb.com,6014041785,CALLE 45 # 6 - 75,BOGOTÁ,CUNDINAMARCA,COLOMBIA,4.715,-74.0801,FLORICULTURA,CRM,5,prefijo_ci,CRM sin C.I.
6,9007778882,EMPRESARIAL GRUPO DELTA SAS,contacto@grupoempresarialdelta.com,6014041922,CALLE 46 # 7 - 76,BOGOTÁ,CUNDINAMARCA,COLOMBIA,4.719,-74.0761,SERVICIOS,CRM,6,orden,Orden de palabras alterado
7,901.888.999-9,LOGISTICA GLOBAL ANDINA SAS,contacto@logisticaglobalandina.com,6014042059,CALLE 47 # 8 - 77,MEDELLÍN,ANTIOQUIA,COLOMBIA,6.2562,-75.5812,LOGÍSTICA,CRM,7,nit_formato,NIT con puntos en CRM
8,9002020206,MANUFACTURAS ACME SAS,contacto@manufacturasacme.com,6014042196,CALLE 48 # 9 - 78,BOGOTÁ,CUNDINAMARCA,COLOMBIA,4.699,-74.0681,MANUFACTURA,CRM,8,exacto,Match limpio
9,,SOLUCIONES TECNOLOGICAS APLICADAS SAS,contacto@solucionestecnologicasap.com,6014042333,CALLE 49 # 10 - 79,BOGOTÁ,CUNDINAMARCA,COLOMBIA,4.703,-74.0641,TECNOLOGÍA,CRM,9,sin_nit_en_A,CRM sin NIT (cruce por nombre+email+ciudad)
10,8000800810,ALIMETOS CONGELADOS DEL TROPICO SAS,contacto@alimentoscongeladosdeltr.com,6014042470,CALLE 50 # 11 - 80,CARTAGENA,BOLÍVAR,COLOMBIA,10.387,-75.4874,ALIMENTOS Y BEBIDAS,CRM,10,typo,Typo en CRM
11,9010700717,CLINICA VISION TOTAL SAS,contacto@clinicavisiontotal.com,6014042607,CALLE 51 # 12 - 81,BUCARAMANGA,SANTANDER,COLOMBIA,7.1193,-73.1267,SERVICIOS,CRM,11,tildes,Sin tildes en CRM
12,8300500514,EDITORIAL LETRAS DORADAS SAS,contacto@editorialletrasdoradas.com,6014042744,CALLE 52 # 13 - 82,MEDELLÍN,ANTIOQUIA,COLOMBIA,6.2482,-75.5812,SERVICIOS,CRM,12,abreviado,Abreviado en CRM
13,9000600611,PLASTICOS Y EMPAQUES MODERNOS SAS,contacto@plasticosyempaquesmodern.com,6014042881,CALLE 53 # 14 - 83,BARRANQUILLA,ATLÁNTICO,COLOMBIA,10.9765,-74.7773,MANUFACTURA,CRM,13,exacto,Match limpio
14,9000400418,TRANSPORTES RAPIDOS UNIDOS,contacto@transportesrapidosunidos.com,6014043018,CALLE 54 # 15 - 84,CALI,VALLE DEL CAUCA,COLOMBIA,3.4636,-76.524,LOGÍSTICA,CRM,14,sufijo,CRM sin sufijo legal
15,8000300315,AGROPECUARIA SANTA,contacto@agropecuariasantahelena.com,6014043155,CALLE 55 # 16 - 85,MANIZALES,CALDAS,COLOMBIA,5.0583,-75.5218,AGROINDUSTRIA,CRM,15,comercial_vs_legal,Nombre comercial corto
16,9015000017,MARKETING DIGITAL CREATIVO SAS,contacto@marketingdigitalcreativo.com,6014068637,CALLE 61 # 2 - 31,BOGOTÁ,CUNDINAMARCA,COLOMBIA,4.715,-74.0761,SERVICIOS,CRM,-1,solo_A,Solo en CRM; no debe cruzar con B
17,8005000024,CAFE ESPECIAL DE ORIGEN SAS,contacto@cafeespecialdeorigen.com,6014068774,CALLE 62 # 3 - 32,MANIZALES,CALDAS,COLOMBIA,5.0783,-75.5138,ALIMENTOS Y BEBIDAS,CRM,-1,solo_A,Solo en CRM; no debe cruzar con B
18,9015000031,GIMNASIO CUERPO SANO SAS,contacto@gimnasiocuerposano.com,6014068911,CALLE 63 # 4 - 33,MEDELLÍN,ANTIOQUIA,COLOMBIA,6.2562,-75.5772,SERVICIOS,CRM,-1,solo_A,Solo en CRM; no debe cruzar con B
19,9005000048,REPUESTOS AUTOMOTRICES EXPRESS SAS,contacto@repuestosautomotricesexp.com,6014069048,CALLE 64 # 5 - 34,CALI,VALLE DEL CAUCA,COLOMBIA,3.4396,-76.524,COMERCIO,CRM,-1,solo_A,Solo en CRM; no debe cruzar con B
20,9006661113,CONSTRUCTORA ANDINA SAS,contacto@constructoraandina.com,6014082200,CALLE 70 # 1 - 50,BOGOTÁ,CUNDINAMARCA,COLOMBIA,4.719,-74.0801,CONSTRUCCIÓN,CRM,-2,homonimo_cross,"Homónimo: mismo nombre que un registro de B, NIT distinto → NO cruza"
